<?xml version="1.0" encoding="UTF-8" standalone="yes"?>
<cars>
    <car id="96" make="Toyota" model="Camry Hybrid" travelledDistance="954775807"/>
    <car id="91" make="Toyota" model="Camry Hybrid" travelledDistance="92275807"/>
    <car id="110" make="Toyota" model="Camry Hybrid" travelledDistance="2143647"/>
    <car id="112" make="Toyota" model="Camry Hybrid" travelledDistance="214647"/>
    <car id="92" make="Toyota" model="Corolla" travelledDistance="92235807"/>
    <car id="94" make="Toyota" model="Corolla" travelledDistance="9223807"/>
    <car id="100" make="Toyota" model="Corolla" travelledDistance="975807"/>
    <car id="102" make="Toyota" model="Corolla" travelledDistance="21477"/>
    <car id="99" make="Toyota" model="Corolla" travelledDistance="2147"/>
    <car id="108" make="Toyota" model="Prius" travelledDistance="2059991295"/>
    <car id="106" make="Toyota" model="Prius" travelledDistance="2039462591"/>
    <car id="111" make="Toyota" model="Prius" travelledDistance="922337807"/>
    <car id="89" make="Toyota" model="Prius" travelledDistance="922337207"/>
    <car id="113" make="Toyota" model="Prius" travelledDistance="922335807"/>
    <car id="86" make="Toyota" model="Prius" travelledDistance="633437445"/>
    <car id="97" make="Toyota" model="Prius" travelledDistance="925807"/>
    <car id="103" make="Toyota" model="Prius" travelledDistance="283647"/>
    <car id="87" make="Toyota" model="Prius" travelledDistance="214747"/>
    <car id="93" make="Toyota" model="Prius" travelledDistance="21477"/>
    <car id="98" make="Toyota" model="Tacoma" travelledDistance="922337807"/>
    <car id="88" make="Toyota" model="Tacoma" travelledDistance="94775807"/>
    <car id="114" make="Toyota" model="Tacoma" travelledDistance="21474647"/>
    <car id="95" make="Toyota" model="Tacoma" travelledDistance="9225807"/>
    <car id="109" make="Toyota" model="Tacoma" travelledDistance="2147"/>
    <car id="104" make="Toyota" model="Tacoma" travelledDistance="927"/>
    <car id="107" make="Toyota" model="Tacoma" travelledDistance="247"/>
    <car id="101" make="Toyota" model="Yaris" travelledDistance="94775807"/>
    <car id="90" make="Toyota" model="Yaris" travelledDistance="21477"/>
    <car id="105" make="Toyota" model="Yaris" travelledDistance="9207"/>
</cars>
