<?xml version="1.0" encoding="UTF-8" standalone="yes"?>
<customers>
    <customer full-name="Garret Capron" bought-cars="3" spent-money="16920.18"/>
    <customer full-name="Oren Perlman" bought-cars="2" spent-money="16303.22"/>
    <customer full-name="Zada Attwood" bought-cars="4" spent-money="15958.50"/>
    <customer full-name="Brett Brickley" bought-cars="3" spent-money="13807.39"/>
    <customer full-name="Lino Subia" bought-cars="3" spent-money="12253.45"/>
    <customer full-name="Teddy Hobby" bought-cars="2" spent-money="8122.93"/>
    <customer full-name="Cinthia Lasala" bought-cars="2" spent-money="7767.72"/>
    <customer full-name="Faustina Burgher" bought-cars="2" spent-money="7713.82"/>
    <customer full-name="Sylvie Mcelravy" bought-cars="1" spent-money="7239.14"/>
    <customer full-name="Louann Holzworth" bought-cars="2" spent-money="6837.10"/>
    <customer full-name="Daniele Zarate" bought-cars="2" spent-money="6506.15"/>
    <customer full-name="Hai Everton" bought-cars="1" spent-money="6251.48"/>
    <customer full-name="Francis Mckim" bought-cars="1" spent-money="6115.45"/>
    <customer full-name="Taina Achenbach" bought-cars="1" spent-money="6007.32"/>
    <customer full-name="Natalie Poli" bought-cars="1" spent-money="5831.46"/>
    <customer full-name="Carole Witman" bought-cars="2" spent-money="5376.59"/>
    <customer full-name="Yvonne Mccalla" bought-cars="1" spent-money="4611.99"/>
    <customer full-name="Nisha Markwell" bought-cars="1" spent-money="4358.73"/>
    <customer full-name="Carri Knapik" bought-cars="1" spent-money="2706.37"/>
    <customer full-name="Audrea Cardinal" bought-cars="1" spent-money="2209.10"/>
    <customer full-name="Hipolito Lamoreaux" bought-cars="1" spent-money="1634.60"/>
    <customer full-name="Jimmy Grossi" bought-cars="1" spent-money="1427.53"/>
    <customer full-name="Rema Revelle" bought-cars="1" spent-money="1019.46"/>
    <customer full-name="Emmitt Benally" bought-cars="1" spent-money="689.08"/>
</customers>
