<?xml version="1.0" encoding="UTF-8" standalone="yes"?>
<suppliers>
    <supplier id="2" name="Agway Inc." count="4"/>
    <supplier id="4" name="Airgas, Inc." count="5"/>
    <supplier id="7" name="Caterpillar Inc." count="4"/>
    <supplier id="9" name="Cintas Corp." count="4"/>
    <supplier id="13" name="The Clorox Co." count="3"/>
    <supplier id="15" name="E.I. Du Pont de Nemours and Company" count="4"/>
    <supplier id="18" name="GenCorp Inc." count="5"/>
    <supplier id="20" name="Level 3 Communications Inc." count="1"/>
    <supplier id="22" name="Nicor Inc" count="8"/>
    <supplier id="25" name="Saks Inc" count="1"/>
    <supplier id="28" name="VF Corporation" count="8"/>
    <supplier id="30" name="Zale" count="7"/>
</suppliers>
