<?xml version="1.0" encoding="UTF-8" standalone="yes"?>
<sales>
    <sale>
        <car make="Fiat" model="500L" travelled-distance="2147647"/>
        <customer-name>Hai Everton</customer-name>
        <discount>0.0</discount>
        <price>6251.48</price>
        <price-with-discount>6251.48</price-with-discount>
    </sale>
    <sale>
        <car make="Toyota" model="Prius" travelled-distance="2039462591"/>
        <customer-name>Hipolito Lamoreaux</customer-name>
        <discount>0.0</discount>
        <price>1634.60</price>
        <price-with-discount>1634.60</price-with-discount>
    </sale>
    <sale>
        <car make="Seat" model="Ibiza" travelled-distance="213647"/>
        <customer-name>Oren Perlman</customer-name>
        <discount>0.4</discount>
        <price>11159.48</price>
        <price-with-discount>11114.84207999999996035356275569938588887453079223632812500</price-with-discount>
    </sale>
    <sale>
        <car make="Fiat" model="Panda" travelled-distance="2147487"/>
        <customer-name>Daniele Zarate</customer-name>
        <discount>0.15</discount>
        <price>1010.00</price>
        <price-with-discount>1008.4850000000000547206724377247155643999576568603515625000</price-with-discount>
    </sale>
    <sale>
        <car make="Great Wall" model="Haval H6" travelled-distance="214747"/>
        <customer-name>Audrea Cardinal</customer-name>
        <discount>0.1</discount>
        <price>2209.10</price>
        <price-with-discount>2206.8908999999999980379250530404533492401242256164550781250</price-with-discount>
    </sale>
    <sale>
        <car make="Toyota" model="Camry Hybrid" travelled-distance="214647"/>
        <customer-name>Zada Attwood</customer-name>
        <discount>0.15</discount>
        <price>1384.87</price>
        <price-with-discount>1382.7926950000000750307105334968582610599696636199951171875</price-with-discount>
    </sale>
    <sale>
        <car make="BMW" model="M5 F10" travelled-distance="27483647"/>
        <customer-name>Brett Brickley</customer-name>
        <discount>0.15</discount>
        <price>4411.25</price>
        <price-with-discount>4404.6331250000002389966002880328233004547655582427978515625</price-with-discount>
    </sale>
    <sale>
        <car make="Great Wall" model="Wingle 5" travelled-distance="214747"/>
        <customer-name>Lino Subia</customer-name>
        <discount>0.0</discount>
        <price>2030.87</price>
        <price-with-discount>2030.87</price-with-discount>
    </sale>
    <sale>
        <car make="Mercedes" model="A 160 CDI" travelled-distance="4775807"/>
        <customer-name>Cinthia Lasala</customer-name>
        <discount>0.15</discount>
        <price>6503.05</price>
        <price-with-discount>6493.2954250000003523279890060848629218526184558868408203125</price-with-discount>
    </sale>
    <sale>
        <car make="Fiat" model="500 (2007) Abarth 695 Tributo Maserati" travelled-distance="214747"/>
        <customer-name>Lino Subia</customer-name>
        <discount>0.3</discount>
        <price>7141.24</price>
        <price-with-discount>7119.8162799999999809719142263020330574363470077514648437500</price-with-discount>
    </sale>
    <sale>
        <car make="Toyota" model="Yaris" travelled-distance="9207"/>
        <customer-name>Garret Capron</customer-name>
        <discount>0.4</discount>
        <price>3145.71</price>
        <price-with-discount>3133.12715999999998882419305346047622151672840118408203125</price-with-discount>
    </sale>
    <sale>
        <car make="Peugeot" model="206" travelled-distance="214647"/>
        <customer-name>Brett Brickley</customer-name>
        <discount>0.05</discount>
        <price>5189.33</price>
        <price-with-discount>5186.735335000000285761156959551954059861600399017333984375</price-with-discount>
    </sale>
    <sale>
        <car make="Ford" model="Torino" travelled-distance="2147"/>
        <customer-name>Rema Revelle</customer-name>
        <discount>0.3</discount>
        <price>1019.46</price>
        <price-with-discount>1016.4016199999999972836128847575309919193387031555175781250</price-with-discount>
    </sale>
    <sale>
        <car make="Renault" model="Espace" travelled-distance="2147487"/>
        <customer-name>Carole Witman</customer-name>
        <discount>0.1</discount>
        <price>3345.72</price>
        <price-with-discount>3342.3742799999999970284036976408970076590776443481445312500</price-with-discount>
    </sale>
    <sale>
        <car make="Lamborghini" model="Diablo" travelled-distance="283647"/>
        <customer-name>Daniele Zarate</customer-name>
        <discount>0.5</discount>
        <price>5496.15</price>
        <price-with-discount>5468.6692499999999755921908928257835214026272296905517578125</price-with-discount>
    </sale>
    <sale>
        <car make="Nissan" model="Altima" travelled-distance="214647"/>
        <customer-name>Teddy Hobby</customer-name>
        <discount>0.0</discount>
        <price>4329.14</price>
        <price-with-discount>4329.14</price-with-discount>
    </sale>
    <sale>
        <car make="Ford" model="GT40" travelled-distance="9223377"/>
        <customer-name>Zada Attwood</customer-name>
        <discount>0.15</discount>
        <price>4471.44</price>
        <price-with-discount>4464.7328400000002422576272920196061022579669952392578125000</price-with-discount>
    </sale>
    <sale>
        <car make="Skoda" model="Citigo" travelled-distance="214647"/>
        <customer-name>Yvonne Mccalla</customer-name>
        <discount>0.4</discount>
        <price>4611.99</price>
        <price-with-discount>4593.54203999999998361492004050887771882116794586181640625</price-with-discount>
    </sale>
    <sale>
        <car make="Toyota" model="Tacoma" travelled-distance="2147"/>
        <customer-name>Carri Knapik</customer-name>
        <discount>0.15</discount>
        <price>2706.37</price>
        <price-with-discount>2702.3104450000001466281052131535034277476370334625244140625</price-with-discount>
    </sale>
    <sale>
        <car make="Renault" model="Alaskan" travelled-distance="2647"/>
        <customer-name>Faustina Burgher</customer-name>
        <discount>0.1</discount>
        <price>2135.10</price>
        <price-with-discount>2132.9648999999999981036502560982626164332032203674316406250</price-with-discount>
    </sale>
    <sale>
        <car make="Great Wall" model="Wingle 5" travelled-distance="214747"/>
        <customer-name>Carole Witman</customer-name>
        <discount>0.15</discount>
        <price>2030.87</price>
        <price-with-discount>2027.8236950000001100302693401999931666068732738494873046875</price-with-discount>
    </sale>
    <sale>
        <car make="Toyota" model="Prius" travelled-distance="214747"/>
        <customer-name>Faustina Burgher</customer-name>
        <discount>0.05</discount>
        <price>5578.72</price>
        <price-with-discount>5575.930640000000307203720240067923441529273986816406250000</price-with-discount>
    </sale>
    <sale>
        <car make="Alfa Romeo" model="75" travelled-distance="9775807"/>
        <customer-name>Oren Perlman</customer-name>
        <discount>0.0</discount>
        <price>5143.74</price>
        <price-with-discount>5143.74</price-with-discount>
    </sale>
    <sale>
        <car make="BMW" model="F20" travelled-distance="2147483647"/>
        <customer-name>Garret Capron</customer-name>
        <discount>0.5</discount>
        <price>8005.90</price>
        <price-with-discount>7965.8704999999999644466619486138370120897889137268066406250</price-with-discount>
    </sale>
    <sale>
        <car make="Toyota" model="Corolla" travelled-distance="2147"/>
        <customer-name>Taina Achenbach</customer-name>
        <discount>0.0</discount>
        <price>6007.32</price>
        <price-with-discount>6007.32</price-with-discount>
    </sale>
    <sale>
        <car make="Opel" model="Vectra" travelled-distance="2147483647"/>
        <customer-name>Jimmy Grossi</customer-name>
        <discount>0.05</discount>
        <price>1427.53</price>
        <price-with-discount>1426.816235000000078609883047420225921086966991424560546875</price-with-discount>
    </sale>
    <sale>
        <car make="Peugeot" model="206" travelled-distance="2147483647"/>
        <customer-name>Francis Mckim</customer-name>
        <discount>0.0</discount>
        <price>6115.45</price>
        <price-with-discount>6115.45</price-with-discount>
    </sale>
    <sale>
        <car make="Fiat" model="Panda" travelled-distance="21474837"/>
        <customer-name>Lino Subia</customer-name>
        <discount>0.0</discount>
        <price>3081.34</price>
        <price-with-discount>3081.34</price-with-discount>
    </sale>
    <sale>
        <car make="Skoda" model="Fabia" travelled-distance="214747"/>
        <customer-name>Sylvie Mcelravy</customer-name>
        <discount>0.5</discount>
        <price>7239.14</price>
        <price-with-discount>7202.9442999999999678517603740601771278306841850280761718750</price-with-discount>
    </sale>
    <sale>
        <car make="Citroen" model="C1" travelled-distance="633841215"/>
        <customer-name>Cinthia Lasala</customer-name>
        <discount>0.05</discount>
        <price>1264.67</price>
        <price-with-discount>1264.037665000000069641661326613757410086691379547119140625</price-with-discount>
    </sale>
    <sale>
        <car make="Fiat" model="Panda 4x4" travelled-distance="1865605119"/>
        <customer-name>Natalie Poli</customer-name>
        <discount>0.15</discount>
        <price>5831.46</price>
        <price-with-discount>5822.7128100000003159419925680140295298770070075988769531250</price-with-discount>
    </sale>
    <sale>
        <car make="Opel" model="Astra" travelled-distance="1217894399"/>
        <customer-name>Brett Brickley</customer-name>
        <discount>0.05</discount>
        <price>4206.81</price>
        <price-with-discount>4204.706595000000231656667182278397376649081707000732421875</price-with-discount>
    </sale>
    <sale>
        <car make="Opel" model="Insignia" travelled-distance="2147483647"/>
        <customer-name>Louann Holzworth</customer-name>
        <discount>0.15</discount>
        <price>4878.91</price>
        <price-with-discount>4871.5916350000002643338969932074178359471261501312255859375</price-with-discount>
    </sale>
    <sale>
        <car make="Toyota" model="Tacoma" travelled-distance="21474647"/>
        <customer-name>Louann Holzworth</customer-name>
        <discount>0.5</discount>
        <price>1958.19</price>
        <price-with-discount>1948.3990499999999913038895016370588564313948154449462890625</price-with-discount>
    </sale>
    <sale>
        <car make="Great Wall" model="Steed 3" travelled-distance="1217894399"/>
        <customer-name>Nisha Markwell</customer-name>
        <discount>0.1</discount>
        <price>4358.73</price>
        <price-with-discount>4354.3712699999999961286700767004731460474431514739990234375</price-with-discount>
    </sale>
    <sale>
        <car make="Seat" model="Toledo" travelled-distance="2147647"/>
        <customer-name>Zada Attwood</customer-name>
        <discount>0.5</discount>
        <price>4094.87</price>
        <price-with-discount>4074.3956499999999818151241726127409492619335651397705078125</price-with-discount>
    </sale>
    <sale>
        <car make="Toyota" model="Yaris" travelled-distance="94775807"/>
        <customer-name>Emmitt Benally</customer-name>
        <discount>0.15</discount>
        <price>689.08</price>
        <price-with-discount>688.0463800000000373335851122647000011056661605834960937500</price-with-discount>
    </sale>
    <sale>
        <car make="Ferrari" model="F40" travelled-distance="21447"/>
        <customer-name>Garret Capron</customer-name>
        <discount>0.15</discount>
        <price>5768.57</price>
        <price-with-discount>5759.9171450000003125346825783026361023075878620147705078125</price-with-discount>
    </sale>
    <sale>
        <car make="Mercedes" model="W212" travelled-distance="2147647"/>
        <customer-name>Teddy Hobby</customer-name>
        <discount>0.3</discount>
        <price>3793.79</price>
        <price-with-discount>3782.4086299999999898913127793775856844149529933929443359375</price-with-discount>
    </sale>
    <sale>
        <car make="Toyota" model="Corolla" travelled-distance="2147"/>
        <customer-name>Zada Attwood</customer-name>
        <discount>0.0</discount>
        <price>6007.32</price>
        <price-with-discount>6007.32</price-with-discount>
    </sale>
</sales>
