[
  {
    "car": {
      "make": "Opel",
      "model": "Omega",
      "travelledDistance": 2147483647
    },
    "parts": [
      {
        "name": "Rear Right Side Window motor",
        "price": 22.99
      },
      {
        "name": "Radiator ",
        "price": 100.99
      },
      {
        "name": "Engine shake damper and vibration absorber",
        "price": 100.99
      },
      {
        "name": "Steering box",
        "price": 103.99
      },
      {
        "name": "Choke cable",
        "price": 130.99
      },
      {
        "name": "Rims",
        "price": 4020.99
      },
      {
        "name": "Differential seal",
        "price": 109.99
      },
      {
        "name": "Exposed bumper",
        "price": 1400.34
      },
      {
        "name": "Poppet valve",
        "price": 88.99
      }
    ]
  },
  {
    "car": {
      "make": "Opel",
      "model": "Astra",
      "travelledDistance": 9223372036854775807
    },
    "parts": [
      {
        "name": "Drive belt",
        "price": 3.99
      },
      {
        "name": "Water pump",
        "price": 44.93
      },
      {
        "name": "Engine block",
        "price": 40.99
      },
      {
        "name": "Roof rack",
        "price": 100.99
      },
      {
        "name": "Door control module",
        "price": 421.99
      },
      {
        "name": "Speed reducer",
        "price": 14.99
      },
      {
        "name": "Valance",
        "price": 1002.99
      },
      {
        "name": "Quarter panel",
        "price": 100.99
      },
      {
        "name": "Differential seal",
        "price": 109.99
      },
      {
        "name": "Poppet valve",
        "price": 88.99
      }
    ]
  },
  {
    "car": {
      "make": "Opel",
      "model": "Astra",
      "travelledDistance": 922337203685807
    },
    "parts": [
      {
        "name": "Water tank",
        "price": 100.99
      },
      {
        "name": "Engine shake damper and vibration absorber",
        "price": 100.99
      },
      {
        "name": "Distributor",
        "price": 7.99
      },
      {
        "name": "Valve housing",
        "price": 400.99
      },
      {
        "name": "Water pump gasket",
        "price": 120.29
      },
      {
        "name": "Door control module",
        "price": 421.99
      },
      {
        "name": "Heat shield",
        "price": 10.99
      },
      {
        "name": "Fan belt",
        "price": 10.99
      },
      {
        "name": "Fuel pressure regulator",
        "price": 100.99
      },
      {
        "name": "Differential seal",
        "price": 109.99
      }
    ]
  },
  {
    "car": {
      "make": "Opel",
      "model": "Corsa",
      "travelledDistance": 214747
    },
    "parts": [
      {
        "name": "Steering arm",
        "price": 104.99
      },
      {
        "name": "Water tank",
        "price": 100.99
      },
      {
        "name": "Engine shake damper and vibration absorber",
        "price": 100.99
      },
      {
        "name": "Hinge",
        "price": 11.99
      },
      {
        "name": "Distributor",
        "price": 7.99
      },
      {
        "name": "Camshaft",
        "price": 100.98
      },
      {
        "name": "Door water-shield",
        "price": 123.99
      },
      {
        "name": "Heat shield",
        "price": 10.99
      },
      {
        "name": "Water pump pulley",
        "price": 150.99
      }
    ]
  },
  {
    "car": {
      "make": "Opel",
      "model": "Kadet",
      "travelledDistance": 21474847
    },
    "parts": [
      {
        "name": "Water tank",
        "price": 100.99
      },
      {
        "name": "Fascia",
        "price": 100.34
      },
      {
        "name": "Valve spring",
        "price": 104.99
      },
      {
        "name": "Distributor",
        "price": 7.99
      },
      {
        "name": "Unexposed bumper",
        "price": 1003.34
      },
      {
        "name": "Camshaft",
        "price": 100.98
      },
      {
        "name": "Clutch shoe",
        "price": 10.49
      },
      {
        "name": "Valance",
        "price": 1002.99
      },
      {
        "name": "Rear Right Side Door Glass",
        "price": 100.90
      },
      {
        "name": "Rear Left Quarter Glass",
        "price": 100.55
      }
    ]
  },
  {
    "car": {
      "make": "Opel",
      "model": "Vectra",
      "travelledDistance": 9223372854775807
    },
    "parts": [
      {
        "name": "Spoiler",
        "price": 3000.99
      },
      {
        "name": "Radiator ",
        "price": 100.99
      },
      {
        "name": "Drive belt",
        "price": 3.99
      },
      {
        "name": "Clutch assembly",
        "price": 120.99
      },
      {
        "name": "Camshaft",
        "price": 100.98
      },
      {
        "name": "Engine valve",
        "price": 49.99
      },
      {
        "name": "Rear Left Side Outer door handle",
        "price": 120.99
      },
      {
        "name": "Valance",
        "price": 1002.99
      },
      {
        "name": "Window motor",
        "price": 123.49
      },
      {
        "name": "Exhaust pipe",
        "price": 130.99
      }
    ]
  },
  {
    "car": {
      "make": "Opel",
      "model": "Insignia",
      "travelledDistance": 2147483647
    },
    "parts": [
      {
        "name": "Drive belt",
        "price": 3.99
      },
      {
        "name": "Front Right Side Door Glass",
        "price": 100.91
      },
      {
        "name": "Oil filter",
        "price": 200.99
      },
      {
        "name": "Heater",
        "price": 82.99
      },
      {
        "name": "Front Left Side Inner door handle",
        "price": 77.99
      },
      {
        "name": "Fuel rail",
        "price": 107.99
      },
      {
        "name": "Front Left Side Window motor",
        "price": 56.99
      },
      {
        "name": "Water pump pulley",
        "price": 150.99
      },
      {
        "name": "Engine cradle",
        "price": 39.99
      }
    ]
  },
  {
    "car": {
      "make": "Opel",
      "model": "Astra",
      "travelledDistance": 922336854775807
    },
    "parts": [
      {
        "name": "Rear Right Side Window motor",
        "price": 22.99
      },
      {
        "name": "Exhaust flange gasket",
        "price": 130.99
      },
      {
        "name": "Steering arm",
        "price": 104.99
      },
      {
        "name": "Decklid",
        "price": 1060.34
      },
      {
        "name": "Fascia",
        "price": 100.34
      },
      {
        "name": "Valve spring",
        "price": 104.99
      },
      {
        "name": "Harmonic balancer",
        "price": 67.99
      },
      {
        "name": "Door lock and power door locks",
        "price": 120.99
      },
      {
        "name": "Window motor",
        "price": 123.49
      },
      {
        "name": "Rear Left Quarter Glass",
        "price": 100.55
      }
    ]
  },
  {
    "car": {
      "make": "Opel",
      "model": "Corsa",
      "travelledDistance": 21474847
    },
    "parts": [
      {
        "name": "Steering arm",
        "price": 104.99
      },
      {
        "name": "Water tank",
        "price": 100.99
      },
      {
        "name": "Harmonic balancer",
        "price": 67.99
      },
      {
        "name": "Distributor",
        "price": 7.99
      },
      {
        "name": "Gudgeon pin",
        "price": 44.99
      },
      {
        "name": "Piston",
        "price": 94.99
      },
      {
        "name": "Door control module",
        "price": 421.99
      },
      {
        "name": "Sunroof Glass",
        "price": 205.24
      },
      {
        "name": "Starter motor",
        "price": 0.99
      },
      {
        "name": "Heat shield",
        "price": 10.99
      }
    ]
  },
  {
    "car": {
      "make": "Opel",
      "model": "Omega",
      "travelledDistance": 2147483647
    },
    "parts": [
      {
        "name": "Radiator ",
        "price": 100.99
      },
      {
        "name": "Engine shake damper and vibration absorber",
        "price": 100.99
      },
      {
        "name": "Distributor",
        "price": 7.99
      },
      {
        "name": "Windshield",
        "price": 100.99
      },
      {
        "name": "Timing tape",
        "price": 40.90
      },
      {
        "name": "Valance",
        "price": 1002.99
      },
      {
        "name": "Front Left Side Window motor",
        "price": 56.99
      },
      {
        "name": "Fuel pressure regulator",
        "price": 100.99
      }
    ]
  },
  {
    "car": {
      "make": "Opel",
      "model": "Insignia",
      "travelledDistance": 9223372036854775807
    },
    "parts": [
      {
        "name": "Radiator bolt",
        "price": 160.99
      },
      {
        "name": "Radiator ",
        "price": 100.99
      },
      {
        "name": "Harmonic balancer",
        "price": 67.99
      },
      {
        "name": "Piston",
        "price": 94.99
      },
      {
        "name": "Cylinder head",
        "price": 6.99
      },
      {
        "name": "Door water-shield",
        "price": 123.99
      },
      {
        "name": "Rocker cover",
        "price": 10.99
      },
      {
        "name": "Bonnet/hood",
        "price": 1001.34
      },
      {
        "name": "Welded assembly",
        "price": 1020.99
      },
      {
        "name": "Cooling fan",
        "price": 120.99
      }
    ]
  },
  {
    "car": {
      "make": "Opel",
      "model": "Vectra",
      "travelledDistance": 2147483647
    },
    "parts": [
      {
        "name": "Rear Left Side Inner door handle",
        "price": 93.99
      },
      {
        "name": "Water tank",
        "price": 100.99
      },
      {
        "name": "Clutch assembly",
        "price": 120.99
      },
      {
        "name": "Heater",
        "price": 82.99
      },
      {
        "name": "Timing tape",
        "price": 40.90
      },
      {
        "name": "Clutch shoe",
        "price": 10.49
      },
      {
        "name": "Front Right Side Inner door handle",
        "price": 100.99
      },
      {
        "name": "Window motor",
        "price": 123.49
      },
      {
        "name": "Radiator gasket",
        "price": 140.99
      },
      {
        "name": "Trunk/boot/hatch",
        "price": 2200.99
      }
    ]
  },
  {
    "car": {
      "make": "Opel",
      "model": "Astra",
      "travelledDistance": 2147483647
    },
    "parts": [
      {
        "name": "Spoiler",
        "price": 3000.99
      },
      {
        "name": "Exhaust flange gasket",
        "price": 130.99
      },
      {
        "name": "Drive belt",
        "price": 3.99
      },
      {
        "name": "Overflow tank",
        "price": 1200.99
      },
      {
        "name": "Water pipe",
        "price": 44.94
      },
      {
        "name": "Valve stem seal",
        "price": 120.99
      },
      {
        "name": "Master cylinder",
        "price": 130.99
      },
      {
        "name": "Unexposed bumper",
        "price": 1003.34
      },
      {
        "name": "Fender",
        "price": 10.34
      },
      {
        "name": "Window regulator",
        "price": 100.99
      }
    ]
  },
  {
    "car": {
      "make": "Opel",
      "model": "Omega",
      "travelledDistance": 2147483647
    },
    "parts": [
      {
        "name": "Drive belt",
        "price": 3.99
      },
      {
        "name": "Decklid",
        "price": 1060.34
      },
      {
        "name": "Fuel tank",
        "price": 100.98
      },
      {
        "name": "Rear Right Side Outer door handle",
        "price": 80.99
      },
      {
        "name": "Hinge",
        "price": 11.99
      },
      {
        "name": "Camshaft",
        "price": 100.98
      },
      {
        "name": "Engine valve",
        "price": 49.99
      },
      {
        "name": "Quarter panel",
        "price": 100.99
      },
      {
        "name": "Engine cradle",
        "price": 39.99
      },
      {
        "name": "Window regulator",
        "price": 100.99
      }
    ]
  },
  {
    "car": {
      "make": "Opel",
      "model": "Corsa",
      "travelledDistance": 2147483647
    },
    "parts": [
      {
        "name": "Fuel tank",
        "price": 100.98
      },
      {
        "name": "Front Right Side Window motor",
        "price": 44.99
      },
      {
        "name": "Overflow tank",
        "price": 1200.99
      },
      {
        "name": "Water pipe",
        "price": 44.94
      },
      {
        "name": "Gudgeon pin",
        "price": 44.99
      },
      {
        "name": "Oil filter",
        "price": 200.99
      },
      {
        "name": "Clutch assembly",
        "price": 120.99
      },
      {
        "name": "Resonator",
        "price": 106.99
      },
      {
        "name": "Rear Left Side Door Glass",
        "price": 100.66
      },
      {
        "name": "Door lock and power door locks",
        "price": 120.99
      }
    ]
  },
  {
    "car": {
      "make": "Opel",
      "model": "Insignia",
      "travelledDistance": 9223372036854775807
    },
    "parts": [
      {
        "name": "Water pump",
        "price": 44.93
      },
      {
        "name": "Trim package",
        "price": 1900.99
      },
      {
        "name": "Crank case",
        "price": 2.93
      },
      {
        "name": "Piston",
        "price": 94.99
      },
      {
        "name": "Clutch assembly",
        "price": 120.99
      },
      {
        "name": "Center-locking",
        "price": 313.99
      },
      {
        "name": "Fuel cooler",
        "price": 140.99
      },
      {
        "name": "Door latch",
        "price": 2331.99
      },
      {
        "name": "Exposed bumper",
        "price": 1400.34
      },
      {
        "name": "Window regulator",
        "price": 100.99
      }
    ]
  },
  {
    "car": {
      "make": "Opel",
      "model": "Omega",
      "travelledDistance": 9223336854775807
    },
    "parts": [
      {
        "name": "Oil pan",
        "price": 140.99
      },
      {
        "name": "Heater",
        "price": 82.99
      },
      {
        "name": "Valve housing",
        "price": 400.99
      },
      {
        "name": "Radiator pressure cap",
        "price": 600.99
      },
      {
        "name": "Front Left Side Outer door handle",
        "price": 999.99
      },
      {
        "name": "Sunroof Glass",
        "price": 205.24
      },
      {
        "name": "Engine",
        "price": 100.99
      },
      {
        "name": "Radiator (fan) shroud",
        "price": 300.99
      },
      {
        "name": "Differential seal",
        "price": 109.99
      },
      {
        "name": "Crankshaft",
        "price": 4.99
      }
    ]
  },
  {
    "car": {
      "make": "Opel",
      "model": "Corsa",
      "travelledDistance": 2
    },
    "parts": [
      {
        "name": "Spoiler",
        "price": 3000.99
      },
      {
        "name": "Fan blade",
        "price": 150.99
      },
      {
        "name": "Crank pulley",
        "price": 2.80
      },
      {
        "name": "Master cylinder",
        "price": 130.99
      },
      {
        "name": "Clutch shoe",
        "price": 10.49
      },
      {
        "name": "Starter motor",
        "price": 0.99
      },
      {
        "name": "Coolant hose ",
        "price": 150.99
      },
      {
        "name": "Front Right Outer door handle",
        "price": 999.99
      },
      {
        "name": "Engine",
        "price": 100.99
      },
      {
        "name": "Fan belt",
        "price": 10.99
      }
    ]
  },
  {
    "car": {
      "make": "Opel",
      "model": "Omega",
      "travelledDistance": 1
    },
    "parts": [
      {
        "name": "Harmonic balancer",
        "price": 67.99
      },
      {
        "name": "Resonator",
        "price": 106.99
      },
      {
        "name": "Water pump gasket",
        "price": 120.29
      },
      {
        "name": "Transmission pan",
        "price": 106.99
      },
      {
        "name": "Sunroof Glass",
        "price": 205.24
      },
      {
        "name": "Coolant hose ",
        "price": 150.99
      },
      {
        "name": "Fan belt",
        "price": 10.99
      },
      {
        "name": "Water pump pulley",
        "price": 150.99
      },
      {
        "name": "Window regulator",
        "price": 100.99
      },
      {
        "name": "Transmission gear",
        "price": 15.99
      }
    ]
  },
  {
    "car": {
      "make": "BMW",
      "model": "F20",
      "travelledDistance": 2147483647
    },
    "parts": [
      {
        "name": "Exhaust flange gasket",
        "price": 130.99
      },
      {
        "name": "Front Right Side Door Glass",
        "price": 100.91
      },
      {
        "name": "Front fascia",
        "price": 11.99
      },
      {
        "name": "Hinge",
        "price": 11.99
      },
      {
        "name": "Oil strainer",
        "price": 45.29
      },
      {
        "name": "Clutch shoe",
        "price": 10.49
      },
      {
        "name": "Transmission pan",
        "price": 106.99
      },
      {
        "name": "Door seal",
        "price": 444.99
      },
      {
        "name": "Transmission gear",
        "price": 15.99
      },
      {
        "name": "Trunk/boot/hatch",
        "price": 2200.99
      }
    ]
  },
  {
    "car": {
      "make": "BMW",
      "model": "F25",
      "travelledDistance": 9223372036854775807
    },
    "parts": [
      {
        "name": "Grille",
        "price": 144.99
      },
      {
        "name": "Water pipe",
        "price": 44.94
      },
      {
        "name": "Steering box",
        "price": 103.99
      },
      {
        "name": "Door latch",
        "price": 2331.99
      },
      {
        "name": "Quarter panel",
        "price": 100.99
      },
      {
        "name": "Oil gasket",
        "price": 130.99
      },
      {
        "name": "Welded assembly",
        "price": 1020.99
      },
      {
        "name": "Door lock and power door locks",
        "price": 120.99
      },
      {
        "name": "Fan clutch",
        "price": 120.99
      },
      {
        "name": "Exhaust pipe",
        "price": 130.99
      }
    ]
  },
  {
    "car": {
      "make": "BMW",
      "model": "M5 F10",
      "travelledDistance": 10
    },
    "parts": [
      {
        "name": "Rocker",
        "price": 100.99
      },
      {
        "name": "Fuel filter",
        "price": 162.99
      },
      {
        "name": "Front Left Side Inner door handle",
        "price": 77.99
      },
      {
        "name": "Center-locking",
        "price": 313.99
      },
      {
        "name": "Sunroof Glass",
        "price": 205.24
      },
      {
        "name": "Fuel cooler",
        "price": 140.99
      },
      {
        "name": "Distributor cap",
        "price": 9.99
      },
      {
        "name": "Rocker cover",
        "price": 10.99
      },
      {
        "name": "Bonnet/hood",
        "price": 1001.34
      },
      {
        "name": "Window motor",
        "price": 123.49
      }
    ]
  },
  {
    "car": {
      "make": "BMW",
      "model": "F04",
      "travelledDistance": 100000
    },
    "parts": [
      {
        "name": "Rear Left Side Inner door handle",
        "price": 93.99
      },
      {
        "name": "Valve spring",
        "price": 104.99
      },
      {
        "name": "Tappet",
        "price": 300.29
      },
      {
        "name": "Thermostat",
        "price": 1050.99
      },
      {
        "name": "Fuel filter",
        "price": 162.99
      },
      {
        "name": "Oil strainer",
        "price": 45.29
      },
      {
        "name": "Rims",
        "price": 4020.99
      },
      {
        "name": "Radiator (fan) shroud",
        "price": 300.99
      },
      {
        "name": "Differential seal",
        "price": 109.99
      },
      {
        "name": "Crankshaft",
        "price": 4.99
      }
    ]
  },
  {
    "car": {
      "make": "BMW",
      "model": "E88",
      "travelledDistance": 200000
    },
    "parts": [
      {
        "name": "Radiator ",
        "price": 100.99
      },
      {
        "name": "Drive belt",
        "price": 3.99
      },
      {
        "name": "Fuel tank",
        "price": 100.98
      },
      {
        "name": "Thermostat",
        "price": 1050.99
      },
      {
        "name": "Rear Right Side Outer door handle",
        "price": 80.99
      },
      {
        "name": "Clutch assembly",
        "price": 120.99
      },
      {
        "name": "Engine valve",
        "price": 49.99
      },
      {
        "name": "Rear Left Side Door Glass",
        "price": 100.66
      },
      {
        "name": "Window regulator",
        "price": 100.99
      },
      {
        "name": "Transmission gear",
        "price": 15.99
      }
    ]
  },
  {
    "car": {
      "make": "BMW",
      "model": "M Roadster E85",
      "travelledDistance": 92233720365807
    },
    "parts": [
      {
        "name": "Valve spring",
        "price": 104.99
      },
      {
        "name": "Muffler",
        "price": 106.90
      },
      {
        "name": "Water pump gasket",
        "price": 120.29
      },
      {
        "name": "Choke cable",
        "price": 130.99
      },
      {
        "name": "Rims",
        "price": 4020.99
      },
      {
        "name": "Front Right Side Inner door handle",
        "price": 100.99
      },
      {
        "name": "Rear Right Side Door Glass",
        "price": 100.90
      },
      {
        "name": "Front Right Outer door handle",
        "price": 999.99
      },
      {
        "name": "Window motor",
        "price": 123.49
      }
    ]
  },
  {
    "car": {
      "make": "BMW",
      "model": "1M Coupe",
      "travelledDistance": 2147
    },
    "parts": [
      {
        "name": "Exhaust flange gasket",
        "price": 130.99
      },
      {
        "name": "Radiator ",
        "price": 100.99
      },
      {
        "name": "Drive belt",
        "price": 3.99
      },
      {
        "name": "Piston",
        "price": 94.99
      },
      {
        "name": "Rear Right Quarter Glass",
        "price": 100.66
      },
      {
        "name": "Oil gasket",
        "price": 130.99
      },
      {
        "name": "Fender",
        "price": 10.34
      },
      {
        "name": "Engine cradle",
        "price": 39.99
      },
      {
        "name": "Exposed bumper",
        "price": 1400.34
      }
    ]
  },
  {
    "car": {
      "make": "BMW",
      "model": "X6 M",
      "travelledDistance": 922775807
    },
    "parts": [
      {
        "name": "Spoiler",
        "price": 3000.99
      },
      {
        "name": "Distributor",
        "price": 7.99
      },
      {
        "name": "Master cylinder",
        "price": 130.99
      },
      {
        "name": "Center-locking",
        "price": 313.99
      },
      {
        "name": "Rocker arm",
        "price": 98.99
      },
      {
        "name": "Choke cable",
        "price": 130.99
      },
      {
        "name": "Sunroof Glass",
        "price": 205.24
      },
      {
        "name": "Rear Right Side Door Glass",
        "price": 100.90
      },
      {
        "name": "Engine",
        "price": 100.99
      },
      {
        "name": "Poppet valve",
        "price": 88.99
      }
    ]
  },
  {
    "car": {
      "make": "BMW",
      "model": "E67",
      "travelledDistance": 21447
    },
    "parts": [
      {
        "name": "Crank pulley",
        "price": 2.80
      },
      {
        "name": "Decklid",
        "price": 1060.34
      },
      {
        "name": "Front fascia",
        "price": 11.99
      },
      {
        "name": "Gudgeon pin",
        "price": 44.99
      },
      {
        "name": "Windshield",
        "price": 100.99
      },
      {
        "name": "Air filter",
        "price": 200.99
      },
      {
        "name": "Speed reducer",
        "price": 14.99
      },
      {
        "name": "Rocker cover",
        "price": 10.99
      },
      {
        "name": "Bonnet/hood",
        "price": 1001.34
      },
      {
        "name": "Transmission gear",
        "price": 15.99
      }
    ]
  },
  {
    "car": {
      "make": "BMW",
      "model": "M6 E63",
      "travelledDistance": 92235807
    },
    "parts": [
      {
        "name": "Fascia",
        "price": 100.34
      },
      {
        "name": "Valve spring",
        "price": 104.99
      },
      {
        "name": "Trim package",
        "price": 1900.99
      },
      {
        "name": "Exhaust clamp and bracket",
        "price": 140.99
      },
      {
        "name": "Sunroof",
        "price": 103.43
      },
      {
        "name": "Resonator",
        "price": 106.99
      },
      {
        "name": "Door latch",
        "price": 2331.99
      },
      {
        "name": "Radiator (fan) shroud",
        "price": 300.99
      },
      {
        "name": "Rear Left Quarter Glass",
        "price": 100.55
      },
      {
        "name": "Air blower",
        "price": 140.99
      }
    ]
  },
  {
    "car": {
      "make": "BMW",
      "model": "M6 E63",
      "travelledDistance": 2147
    },
    "parts": [
      {
        "name": "Rear Right Side Window motor",
        "price": 22.99
      },
      {
        "name": "Engine shake damper and vibration absorber",
        "price": 100.99
      },
      {
        "name": "Fascia",
        "price": 100.34
      },
      {
        "name": "Turbocharger",
        "price": 0.40
      },
      {
        "name": "Exhaust clamp and bracket",
        "price": 140.99
      },
      {
        "name": "Clutch assembly",
        "price": 120.99
      },
      {
        "name": "Timing tape",
        "price": 40.90
      },
      {
        "name": "Door control module",
        "price": 421.99
      },
      {
        "name": "Speed reducer",
        "price": 14.99
      },
      {
        "name": "Rear Right Side Door Glass",
        "price": 100.90
      }
    ]
  },
  {
    "car": {
      "make": "BMW",
      "model": "F20",
      "travelledDistance": 21447
    },
    "parts": [
      {
        "name": "Crank pulley",
        "price": 2.80
      },
      {
        "name": "Engine shake damper and vibration absorber",
        "price": 100.99
      },
      {
        "name": "Thermostat",
        "price": 1050.99
      },
      {
        "name": "Window seal",
        "price": 100.99
      },
      {
        "name": "Front Right Outer door handle",
        "price": 999.99
      },
      {
        "name": "Pillar",
        "price": 100.99
      },
      {
        "name": "Transmission gear",
        "price": 15.99
      },
      {
        "name": "Trunk/boot/hatch",
        "price": 2200.99
      }
    ]
  },
  {
    "car": {
      "make": "BMW",
      "model": "F04",
      "travelledDistance": 2143647
    },
    "parts": [
      {
        "name": "Crank case",
        "price": 2.93
      },
      {
        "name": "Sunroof",
        "price": 103.43
      },
      {
        "name": "Windshield",
        "price": 100.99
      },
      {
        "name": "Oil pipe",
        "price": 100.29
      },
      {
        "name": "Rocker arm",
        "price": 98.99
      },
      {
        "name": "Rims",
        "price": 4020.99
      },
      {
        "name": "Sunroof Glass",
        "price": 205.24
      },
      {
        "name": "Coolant hose ",
        "price": 150.99
      },
      {
        "name": "Radiator (fan) shroud",
        "price": 300.99
      },
      {
        "name": "Rear Left Quarter Glass",
        "price": 100.55
      }
    ]
  },
  {
    "car": {
      "make": "BMW",
      "model": "M5 F10",
      "travelledDistance": 27483647
    },
    "parts": [
      {
        "name": "Front Left Side Door Glass",
        "price": 100.92
      },
      {
        "name": "Drive belt",
        "price": 3.99
      },
      {
        "name": "Fan blade",
        "price": 150.99
      },
      {
        "name": "Rear Right Side Outer door handle",
        "price": 80.99
      },
      {
        "name": "Steering box",
        "price": 103.99
      },
      {
        "name": "Roof rack",
        "price": 100.99
      },
      {
        "name": "Water neck o-ring",
        "price": 43.99
      },
      {
        "name": "Speed reducer",
        "price": 14.99
      },
      {
        "name": "Fan belt",
        "price": 10.99
      },
      {
        "name": "Oil gasket",
        "price": 130.99
      }
    ]
  },
  {
    "car": {
      "make": "BMW",
      "model": "X6 M",
      "travelledDistance": 2036854775807
    },
    "parts": [
      {
        "name": "Steering box",
        "price": 103.99
      },
      {
        "name": "Camshaft",
        "price": 100.98
      },
      {
        "name": "Door water-shield",
        "price": 123.99
      },
      {
        "name": "Speed reducer",
        "price": 14.99
      },
      {
        "name": "Front Right Side Inner door handle",
        "price": 100.99
      },
      {
        "name": "Door seal",
        "price": 444.99
      },
      {
        "name": "Door latch",
        "price": 2331.99
      },
      {
        "name": "Radiator gasket",
        "price": 140.99
      },
      {
        "name": "Cooling fan",
        "price": 120.99
      }
    ]
  },
  {
    "car": {
      "make": "BMW",
      "model": "F20",
      "travelledDistance": 83647
    },
    "parts": [
      {
        "name": "Rear Left Side Inner door handle",
        "price": 93.99
      },
      {
        "name": "Decklid",
        "price": 1060.34
      },
      {
        "name": "Rear Right Side Outer door handle",
        "price": 80.99
      },
      {
        "name": "Valve stem seal",
        "price": 120.99
      },
      {
        "name": "Clutch shoe",
        "price": 10.49
      },
      {
        "name": "Sunroof Glass",
        "price": 205.24
      },
      {
        "name": "Fuel cooler",
        "price": 140.99
      },
      {
        "name": "Cowl screen",
        "price": 1500.34
      },
      {
        "name": "Differential seal",
        "price": 109.99
      },
      {
        "name": "Trunk/boot/hatch",
        "price": 2200.99
      }
    ]
  },
  {
    "car": {
      "make": "BMW",
      "model": "X6 M",
      "travelledDistance": 483647
    },
    "parts": [
      {
        "name": "Spoiler",
        "price": 3000.99
      },
      {
        "name": "Front Right Side Window motor",
        "price": 44.99
      },
      {
        "name": "Turbocharger",
        "price": 0.40
      },
      {
        "name": "Master cylinder",
        "price": 130.99
      },
      {
        "name": "Clutch shoe",
        "price": 10.49
      },
      {
        "name": "Sunroof Glass",
        "price": 205.24
      },
      {
        "name": "Radiator (fan) shroud",
        "price": 300.99
      },
      {
        "name": "Trunk/boot/hatch",
        "price": 2200.99
      },
      {
        "name": "Crankshaft",
        "price": 4.99
      },
      {
        "name": "Cooling fan",
        "price": 120.99
      }
    ]
  },
  {
    "car": {
      "make": "BMW",
      "model": "F04",
      "travelledDistance": 483647
    },
    "parts": [
      {
        "name": "Front clip",
        "price": 100.00
      },
      {
        "name": "Radiator ",
        "price": 100.99
      },
      {
        "name": "Thermostat",
        "price": 1050.99
      },
      {
        "name": "Hinge",
        "price": 11.99
      },
      {
        "name": "Distributor",
        "price": 7.99
      },
      {
        "name": "Camshaft",
        "price": 100.98
      },
      {
        "name": "Radiator pressure cap",
        "price": 600.99
      },
      {
        "name": "Transmission pan",
        "price": 106.99
      },
      {
        "name": "Catalytic converter",
        "price": 540.99
      },
      {
        "name": "Exposed bumper",
        "price": 1400.34
      }
    ]
  },
  {
    "car": {
      "make": "BMW",
      "model": "F20",
      "travelledDistance": 975807
    },
    "parts": [
      {
        "name": "Exhaust flange gasket",
        "price": 130.99
      },
      {
        "name": "Fuel tank",
        "price": 100.98
      },
      {
        "name": "Valve stem seal",
        "price": 120.99
      },
      {
        "name": "Timing tape",
        "price": 40.90
      },
      {
        "name": "Oil pump",
        "price": 100.19
      },
      {
        "name": "Window motor",
        "price": 123.49
      },
      {
        "name": "Engine cradle",
        "price": 39.99
      },
      {
        "name": "Radiator gasket",
        "price": 140.99
      },
      {
        "name": "Rear Right Side Inner door handle",
        "price": 79.99
      },
      {
        "name": "Poppet valve",
        "price": 88.99
      }
    ]
  },
  {
    "car": {
      "make": "BMW",
      "model": "M6 E63",
      "travelledDistance": 214747
    },
    "parts": [
      {
        "name": "Radiator bolt",
        "price": 160.99
      },
      {
        "name": "Front fascia",
        "price": 11.99
      },
      {
        "name": "Overflow tank",
        "price": 1200.99
      },
      {
        "name": "Piston",
        "price": 94.99
      },
      {
        "name": "Radiator pressure cap",
        "price": 600.99
      },
      {
        "name": "Water pump gasket",
        "price": 120.29
      },
      {
        "name": "Oil pipe",
        "price": 100.29
      },
      {
        "name": "Coolant hose ",
        "price": 150.99
      },
      {
        "name": "Fuel pressure regulator",
        "price": 100.99
      },
      {
        "name": "Window regulator",
        "price": 100.99
      }
    ]
  },
  {
    "car": {
      "make": "Fiat",
      "model": "Panda",
      "travelledDistance": 92233854775807
    },
    "parts": [
      {
        "name": "Radiator bolt",
        "price": 160.99
      },
      {
        "name": "Front Right Side Window motor",
        "price": 44.99
      },
      {
        "name": "Heater",
        "price": 82.99
      },
      {
        "name": "Center-locking",
        "price": 313.99
      },
      {
        "name": "Cowl screen",
        "price": 1500.34
      },
      {
        "name": "Catalytic converter",
        "price": 540.99
      },
      {
        "name": "Fuel rail",
        "price": 107.99
      },
      {
        "name": "Welded assembly",
        "price": 1020.99
      },
      {
        "name": "Window motor",
        "price": 123.49
      },
      {
        "name": "Fan clutch",
        "price": 120.99
      }
    ]
  },
  {
    "car": {
      "make": "Fiat",
      "model": "Panda 4x4 Antarctica",
      "travelledDistance": 214747
    },
    "parts": [
      {
        "name": "Exhaust flange gasket",
        "price": 130.99
      },
      {
        "name": "Fascia",
        "price": 100.34
      },
      {
        "name": "Trim package",
        "price": 1900.99
      },
      {
        "name": "Sunroof",
        "price": 103.43
      },
      {
        "name": "Water pump gasket",
        "price": 120.29
      },
      {
        "name": "Valance",
        "price": 1002.99
      },
      {
        "name": "Distributor cap",
        "price": 9.99
      },
      {
        "name": "Rocker cover",
        "price": 10.99
      },
      {
        "name": "Oil gasket",
        "price": 130.99
      },
      {
        "name": "Transmission gear",
        "price": 15.99
      }
    ]
  },
  {
    "car": {
      "make": "Fiat",
      "model": "500 (2007) Abarth 695 Tributo Maserati",
      "travelledDistance": 214747
    },
    "parts": [
      {
        "name": "Rear Right Side Window motor",
        "price": 22.99
      },
      {
        "name": "Unexposed bumper",
        "price": 1003.34
      },
      {
        "name": "Radiator pressure cap",
        "price": 600.99
      },
      {
        "name": "Door water-shield",
        "price": 123.99
      },
      {
        "name": "Coolant hose ",
        "price": 150.99
      },
      {
        "name": "Catalytic converter",
        "price": 540.99
      },
      {
        "name": "Quarter panel",
        "price": 100.99
      },
      {
        "name": "Distributor cap",
        "price": 9.99
      },
      {
        "name": "Radiator (fan) shroud",
        "price": 300.99
      },
      {
        "name": "Rear Left Quarter Glass",
        "price": 100.55
      }
    ]
  },
  {
    "car": {
      "make": "Fiat",
      "model": "Panda 4x4 Antarctica",
      "travelledDistance": 2183647
    },
    "parts": [
      {
        "name": "Front Left Side Door Glass",
        "price": 100.92
      },
      {
        "name": "Drive belt",
        "price": 3.99
      },
      {
        "name": "Decklid",
        "price": 1060.34
      },
      {
        "name": "Muffler",
        "price": 106.90
      },
      {
        "name": "Oil pan",
        "price": 140.99
      },
      {
        "name": "Oil strainer",
        "price": 45.29
      },
      {
        "name": "Unexposed bumper",
        "price": 1003.34
      },
      {
        "name": "Center-locking",
        "price": 313.99
      },
      {
        "name": "Door control module",
        "price": 421.99
      },
      {
        "name": "Cowl screen",
        "price": 1500.34
      }
    ]
  },
  {
    "car": {
      "make": "Fiat",
      "model": "Panda 4x4",
      "travelledDistance": 2147447
    },
    "parts": [
      {
        "name": "Front Left Side Door Glass",
        "price": 100.92
      },
      {
        "name": "Rocker",
        "price": 100.99
      },
      {
        "name": "Trim package",
        "price": 1900.99
      },
      {
        "name": "Steering box",
        "price": 103.99
      },
      {
        "name": "Sunroof Rail",
        "price": 100.25
      },
      {
        "name": "Master cylinder",
        "price": 130.99
      },
      {
        "name": "Rims",
        "price": 4020.99
      },
      {
        "name": "Rear Left Side Door Glass",
        "price": 100.66
      },
      {
        "name": "Trunk/boot/hatch",
        "price": 2200.99
      },
      {
        "name": "Valve cover",
        "price": 130.99
      }
    ]
  },
  {
    "car": {
      "make": "Fiat",
      "model": "Panda",
      "travelledDistance": 21447
    },
    "parts": [
      {
        "name": "Spoiler",
        "price": 3000.99
      },
      {
        "name": "Steering arm",
        "price": 104.99
      },
      {
        "name": "Grille",
        "price": 144.99
      },
      {
        "name": "Thermostat",
        "price": 1050.99
      },
      {
        "name": "Hinge",
        "price": 11.99
      },
      {
        "name": "Door water-shield",
        "price": 123.99
      },
      {
        "name": "Heat shield",
        "price": 10.99
      },
      {
        "name": "Fuel rail",
        "price": 107.99
      },
      {
        "name": "Air blower",
        "price": 140.99
      },
      {
        "name": "Transmission gear",
        "price": 15.99
      }
    ]
  },
  {
    "car": {
      "make": "Fiat",
      "model": "Freemont",
      "travelledDistance": 214647
    },
    "parts": [
      {
        "name": "Rear Right Side Window motor",
        "price": 22.99
      },
      {
        "name": "Exhaust flange gasket",
        "price": 130.99
      },
      {
        "name": "Fascia",
        "price": 100.34
      },
      {
        "name": "Muffler",
        "price": 106.90
      },
      {
        "name": "Tappet",
        "price": 300.29
      },
      {
        "name": "Harmonic balancer",
        "price": 67.99
      },
      {
        "name": "Oil pipe",
        "price": 100.29
      },
      {
        "name": "Engine",
        "price": 100.99
      },
      {
        "name": "Pillar",
        "price": 100.99
      },
      {
        "name": "Trunk/boot/hatch",
        "price": 2200.99
      }
    ]
  },
  {
    "car": {
      "make": "Fiat",
      "model": "500L",
      "travelledDistance": 21474847
    },
    "parts": [
      {
        "name": "Drive belt",
        "price": 3.99
      },
      {
        "name": "Steering box",
        "price": 103.99
      },
      {
        "name": "Oil strainer",
        "price": 45.29
      },
      {
        "name": "Oil pump",
        "price": 100.19
      },
      {
        "name": "Speed reducer",
        "price": 14.99
      },
      {
        "name": "Valance",
        "price": 1002.99
      },
      {
        "name": "Coolant hose ",
        "price": 150.99
      },
      {
        "name": "Front Right Outer door handle",
        "price": 999.99
      },
      {
        "name": "Window motor",
        "price": 123.49
      },
      {
        "name": "Engine cradle",
        "price": 39.99
      }
    ]
  },
  {
    "car": {
      "make": "Fiat",
      "model": "Panda",
      "travelledDistance": 21474837
    },
    "parts": [
      {
        "name": "Radiator bolt",
        "price": 160.99
      },
      {
        "name": "Fan blade",
        "price": 150.99
      },
      {
        "name": "Tappet",
        "price": 300.29
      },
      {
        "name": "Oil strainer",
        "price": 45.29
      },
      {
        "name": "Oil pipe",
        "price": 100.29
      },
      {
        "name": "Front Left Side Outer door handle",
        "price": 999.99
      },
      {
        "name": "Back Door Outer Door Handle",
        "price": 43.99
      },
      {
        "name": "Bonnet/hood",
        "price": 1001.34
      },
      {
        "name": "Exposed bumper",
        "price": 1400.34
      },
      {
        "name": "Window regulator",
        "price": 100.99
      }
    ]
  },
  {
    "car": {
      "make": "Fiat",
      "model": "Freemont",
      "travelledDistance": 92233685477
    },
    "parts": [
      {
        "name": "Front clip",
        "price": 100.00
      },
      {
        "name": "Front Left Side Door Glass",
        "price": 100.92
      },
      {
        "name": "Differential clutch",
        "price": 120.99
      },
      {
        "name": "Rear Right Side Outer door handle",
        "price": 80.99
      },
      {
        "name": "Hinge",
        "price": 11.99
      },
      {
        "name": "Resonator",
        "price": 106.99
      },
      {
        "name": "Front Right Outer door handle",
        "price": 999.99
      },
      {
        "name": "Fan belt",
        "price": 10.99
      },
      {
        "name": "Welded assembly",
        "price": 1020.99
      }
    ]
  },
  {
    "car": {
      "make": "Fiat",
      "model": "Panda 4x4",
      "travelledDistance": 92233736854775807
    },
    "parts": [
      {
        "name": "Water tank",
        "price": 100.99
      },
      {
        "name": "Differential clutch",
        "price": 120.99
      },
      {
        "name": "Rocker",
        "price": 100.99
      },
      {
        "name": "Trim package",
        "price": 1900.99
      },
      {
        "name": "Distributor",
        "price": 7.99
      },
      {
        "name": "Exhaust clamp and bracket",
        "price": 140.99
      },
      {
        "name": "Valve housing",
        "price": 400.99
      },
      {
        "name": "Door control module",
        "price": 421.99
      },
      {
        "name": "Distributor cap",
        "price": 9.99
      },
      {
        "name": "Fan clutch",
        "price": 120.99
      }
    ]
  },
  {
    "car": {
      "make": "Fiat",
      "model": "Panda 4x4 Antarctica",
      "travelledDistance": 21483647
    },
    "parts": [
      {
        "name": "Radiator bolt",
        "price": 160.99
      },
      {
        "name": "Front Left Side Door Glass",
        "price": 100.92
      },
      {
        "name": "Differential clutch",
        "price": 120.99
      },
      {
        "name": "Decklid",
        "price": 1060.34
      },
      {
        "name": "Heater",
        "price": 82.99
      },
      {
        "name": "Timing tape",
        "price": 40.90
      },
      {
        "name": "Oil pump",
        "price": 100.19
      },
      {
        "name": "Distributor cap",
        "price": 9.99
      },
      {
        "name": "Fan belt",
        "price": 10.99
      },
      {
        "name": "Oil gasket",
        "price": 130.99
      }
    ]
  },
  {
    "car": {
      "make": "Fiat",
      "model": "500L",
      "travelledDistance": 2147647
    },
    "parts": [
      {
        "name": "Front Left Side Door Glass",
        "price": 100.92
      },
      {
        "name": "Oil strainer",
        "price": 45.29
      },
      {
        "name": "Sunroof",
        "price": 103.43
      },
      {
        "name": "Door water-shield",
        "price": 123.99
      },
      {
        "name": "Rims",
        "price": 4020.99
      },
      {
        "name": "Speed reducer",
        "price": 14.99
      },
      {
        "name": "Engine",
        "price": 100.99
      },
      {
        "name": "Fuel pressure regulator",
        "price": 100.99
      },
      {
        "name": "Radiator (fan) shroud",
        "price": 300.99
      },
      {
        "name": "Valve cover",
        "price": 130.99
      }
    ]
  },
  {
    "car": {
      "make": "Fiat",
      "model": "500L",
      "travelledDistance": 92233754775807
    },
    "parts": [
      {
        "name": "Steering arm",
        "price": 104.99
      },
      {
        "name": "Crank case",
        "price": 2.93
      },
      {
        "name": "Steering box",
        "price": 103.99
      },
      {
        "name": "Clutch assembly",
        "price": 120.99
      },
      {
        "name": "Fuel cooler",
        "price": 140.99
      },
      {
        "name": "Cowl screen",
        "price": 1500.34
      },
      {
        "name": "Window seal",
        "price": 100.99
      },
      {
        "name": "Water pump pulley",
        "price": 150.99
      },
      {
        "name": "Pillar",
        "price": 100.99
      },
      {
        "name": "Valve cover",
        "price": 130.99
      }
    ]
  },
  {
    "car": {
      "make": "Fiat",
      "model": "500 (2007) Abarth 695 Tributo Maserati",
      "travelledDistance": 922337205807
    },
    "parts": [
      {
        "name": "Rear Right Side Window motor",
        "price": 22.99
      },
      {
        "name": "Front Left Side Door Glass",
        "price": 100.92
      },
      {
        "name": "Fascia",
        "price": 100.34
      },
      {
        "name": "Engine block",
        "price": 40.99
      },
      {
        "name": "Piston",
        "price": 94.99
      },
      {
        "name": "Front Left Side Outer door handle",
        "price": 999.99
      },
      {
        "name": "Fuel cooler",
        "price": 140.99
      },
      {
        "name": "Fan belt",
        "price": 10.99
      },
      {
        "name": "Fuel pressure regulator",
        "price": 100.99
      },
      {
        "name": "Differential seal",
        "price": 109.99
      }
    ]
  },
  {
    "car": {
      "make": "Fiat",
      "model": "Panda",
      "travelledDistance": 2147487
    },
    "parts": [
      {
        "name": "Rear Right Side Window motor",
        "price": 22.99
      },
      {
        "name": "Rear Left Side Window motor",
        "price": 144.99
      },
      {
        "name": "Front Right Side Door Glass",
        "price": 100.91
      },
      {
        "name": "Oil pan",
        "price": 140.99
      },
      {
        "name": "Valve housing",
        "price": 400.99
      },
      {
        "name": "Camshaft",
        "price": 100.98
      },
      {
        "name": "Air filter",
        "price": 200.99
      },
      {
        "name": "Catalytic converter",
        "price": 540.99
      },
      {
        "name": "Pillar",
        "price": 100.99
      }
    ]
  },
  {
    "car": {
      "make": "Fiat",
      "model": "500L",
      "travelledDistance": 922337204775807
    },
    "parts": [
      {
        "name": "Rear Right Side Window motor",
        "price": 22.99
      },
      {
        "name": "Radiator bolt",
        "price": 160.99
      },
      {
        "name": "Front Left Side Door Glass",
        "price": 100.92
      },
      {
        "name": "Sunroof",
        "price": 103.43
      },
      {
        "name": "Master cylinder",
        "price": 130.99
      },
      {
        "name": "Timing tape",
        "price": 40.90
      },
      {
        "name": "Speed reducer",
        "price": 14.99
      },
      {
        "name": "Quarter panel",
        "price": 100.99
      },
      {
        "name": "Fuel pressure regulator",
        "price": 100.99
      },
      {
        "name": "Exposed bumper",
        "price": 1400.34
      }
    ]
  },
  {
    "car": {
      "make": "Fiat",
      "model": "Freemont",
      "travelledDistance": 21473647
    },
    "parts": [
      {
        "name": "Differential clutch",
        "price": 120.99
      },
      {
        "name": "Muffler",
        "price": 106.90
      },
      {
        "name": "Oil pan",
        "price": 140.99
      },
      {
        "name": "Heater",
        "price": 82.99
      },
      {
        "name": "Valve housing",
        "price": 400.99
      },
      {
        "name": "Master cylinder",
        "price": 130.99
      },
      {
        "name": "Oil pipe",
        "price": 100.29
      },
      {
        "name": "Rocker arm",
        "price": 98.99
      },
      {
        "name": "Window regulator",
        "price": 100.99
      }
    ]
  },
  {
    "car": {
      "make": "Fiat",
      "model": "Panda 4x4",
      "travelledDistance": 922036854775807
    },
    "parts": [
      {
        "name": "Rear Left Side Inner door handle",
        "price": 93.99
      },
      {
        "name": "Rear Right Side Window motor",
        "price": 22.99
      },
      {
        "name": "Engine shake damper and vibration absorber",
        "price": 100.99
      },
      {
        "name": "Thermostat",
        "price": 1050.99
      },
      {
        "name": "Sunroof",
        "price": 103.43
      },
      {
        "name": "Heater",
        "price": 82.99
      },
      {
        "name": "Front Left Side Inner door handle",
        "price": 77.99
      },
      {
        "name": "Exposed bumper",
        "price": 1400.34
      },
      {
        "name": "Exhaust pipe",
        "price": 130.99
      }
    ]
  },
  {
    "car": {
      "make": "Fiat",
      "model": "500 (2007) Abarth 695 Tributo Maserati",
      "travelledDistance": 92236854775807
    },
    "parts": [
      {
        "name": "Water tank",
        "price": 100.99
      },
      {
        "name": "Grille",
        "price": 144.99
      },
      {
        "name": "Oil strainer",
        "price": 45.29
      },
      {
        "name": "Sunroof Rail",
        "price": 100.25
      },
      {
        "name": "Center-locking",
        "price": 313.99
      },
      {
        "name": "Radiator pressure cap",
        "price": 600.99
      },
      {
        "name": "Rims",
        "price": 4020.99
      },
      {
        "name": "Door control module",
        "price": 421.99
      },
      {
        "name": "Front Right Side Inner door handle",
        "price": 100.99
      },
      {
        "name": "Radiator (fan) shroud",
        "price": 300.99
      }
    ]
  },
  {
    "car": {
      "make": "Fiat",
      "model": "Freemont",
      "travelledDistance": 2147647
    },
    "parts": [
      {
        "name": "Water neck",
        "price": 900.99
      },
      {
        "name": "Fuel tank",
        "price": 100.98
      },
      {
        "name": "Steering box",
        "price": 103.99
      },
      {
        "name": "Sunroof",
        "price": 103.43
      },
      {
        "name": "Master cylinder",
        "price": 130.99
      },
      {
        "name": "Clutch shoe",
        "price": 10.49
      },
      {
        "name": "Engine valve",
        "price": 49.99
      },
      {
        "name": "Choke cable",
        "price": 130.99
      },
      {
        "name": "Front Right Side Inner door handle",
        "price": 100.99
      },
      {
        "name": "Valve cover",
        "price": 130.99
      }
    ]
  },
  {
    "car": {
      "make": "Fiat",
      "model": "500L",
      "travelledDistance": 922337203675807
    },
    "parts": [
      {
        "name": "Water neck",
        "price": 900.99
      },
      {
        "name": "Water pump",
        "price": 44.93
      },
      {
        "name": "Crank case",
        "price": 2.93
      },
      {
        "name": "Distributor",
        "price": 7.99
      },
      {
        "name": "Heater",
        "price": 82.99
      },
      {
        "name": "Choke cable",
        "price": 130.99
      },
      {
        "name": "Front Left Side Outer door handle",
        "price": 999.99
      },
      {
        "name": "Starter motor",
        "price": 0.99
      },
      {
        "name": "Exhaust pipe",
        "price": 130.99
      }
    ]
  },
  {
    "car": {
      "make": "Mercedes",
      "model": "A 140",
      "travelledDistance": 92233754775807
    },
    "parts": [
      {
        "name": "Spoiler",
        "price": 3000.99
      },
      {
        "name": "Rocker",
        "price": 100.99
      },
      {
        "name": "Hinge",
        "price": 11.99
      },
      {
        "name": "Oil strainer",
        "price": 45.29
      },
      {
        "name": "Sunroof Rail",
        "price": 100.25
      },
      {
        "name": "Water neck o-ring",
        "price": 43.99
      },
      {
        "name": "Door control module",
        "price": 421.99
      },
      {
        "name": "Cowl screen",
        "price": 1500.34
      },
      {
        "name": "Crankshaft",
        "price": 4.99
      }
    ]
  },
  {
    "car": {
      "make": "Mercedes",
      "model": "W212",
      "travelledDistance": 2147647
    },
    "parts": [
      {
        "name": "Radiator bolt",
        "price": 160.99
      },
      {
        "name": "Exhaust flange gasket",
        "price": 130.99
      },
      {
        "name": "Radiator ",
        "price": 100.99
      },
      {
        "name": "Fan blade",
        "price": 150.99
      },
      {
        "name": "Muffler",
        "price": 106.90
      },
      {
        "name": "Trim package",
        "price": 1900.99
      },
      {
        "name": "Gudgeon pin",
        "price": 44.99
      },
      {
        "name": "Choke cable",
        "price": 130.99
      },
      {
        "name": "Engine",
        "price": 100.99
      },
      {
        "name": "Air blower",
        "price": 140.99
      }
    ]
  },
  {
    "car": {
      "make": "Mercedes",
      "model": "A 160",
      "travelledDistance": 9223372036
    },
    "parts": [
      {
        "name": "Sunroof",
        "price": 103.43
      },
      {
        "name": "Sunroof Rail",
        "price": 100.25
      },
      {
        "name": "Valve housing",
        "price": 400.99
      },
      {
        "name": "Unexposed bumper",
        "price": 1003.34
      },
      {
        "name": "Cylinder head",
        "price": 6.99
      },
      {
        "name": "Oil pipe",
        "price": 100.29
      },
      {
        "name": "Door water-shield",
        "price": 123.99
      },
      {
        "name": "Fan belt",
        "price": 10.99
      },
      {
        "name": "Fuel pressure regulator",
        "price": 100.99
      },
      {
        "name": "Crankshaft",
        "price": 4.99
      }
    ]
  },
  {
    "car": {
      "make": "Mercedes",
      "model": "A 160 CDI",
      "travelledDistance": 4775807
    },
    "parts": [
      {
        "name": "Exhaust flange gasket",
        "price": 130.99
      },
      {
        "name": "Front Right Side Door Glass",
        "price": 100.91
      },
      {
        "name": "Distributor",
        "price": 7.99
      },
      {
        "name": "Door control module",
        "price": 421.99
      },
      {
        "name": "Fuel cooler",
        "price": 140.99
      },
      {
        "name": "Front Right Outer door handle",
        "price": 999.99
      },
      {
        "name": "Fuel pressure regulator",
        "price": 100.99
      },
      {
        "name": "Bonnet/hood",
        "price": 1001.34
      },
      {
        "name": "Differential seal",
        "price": 109.99
      },
      {
        "name": "Radiator gasket",
        "price": 140.99
      }
    ]
  },
  {
    "car": {
      "make": "Mercedes",
      "model": "W212",
      "travelledDistance": 54775807
    },
    "parts": [
      {
        "name": "Engine shake damper and vibration absorber",
        "price": 100.99
      },
      {
        "name": "Distributor",
        "price": 7.99
      },
      {
        "name": "Oil strainer",
        "price": 45.29
      },
      {
        "name": "Clutch shoe",
        "price": 10.49
      },
      {
        "name": "Back Door Outer Door Handle",
        "price": 43.99
      },
      {
        "name": "Speed reducer",
        "price": 14.99
      },
      {
        "name": "Heat shield",
        "price": 10.99
      },
      {
        "name": "Pillar",
        "price": 100.99
      },
      {
        "name": "Crankshaft",
        "price": 4.99
      },
      {
        "name": "Cooling fan",
        "price": 120.99
      }
    ]
  },
  {
    "car": {
      "make": "Mercedes",
      "model": "W202",
      "travelledDistance": 92233754775807
    },
    "parts": [
      {
        "name": "Rear Right Side Window motor",
        "price": 22.99
      },
      {
        "name": "Water tank",
        "price": 100.99
      },
      {
        "name": "Decklid",
        "price": 1060.34
      },
      {
        "name": "Thermostat",
        "price": 1050.99
      },
      {
        "name": "Engine block",
        "price": 40.99
      },
      {
        "name": "Steering box",
        "price": 103.99
      },
      {
        "name": "Master cylinder",
        "price": 130.99
      },
      {
        "name": "Roof rack",
        "price": 100.99
      },
      {
        "name": "Back Door Outer Door Handle",
        "price": 43.99
      }
    ]
  },
  {
    "car": {
      "make": "Mercedes",
      "model": "W211",
      "travelledDistance": 47757
    },
    "parts": [
      {
        "name": "Engine shake damper and vibration absorber",
        "price": 100.99
      },
      {
        "name": "Thermostat",
        "price": 1050.99
      },
      {
        "name": "Fuel filter",
        "price": 162.99
      },
      {
        "name": "Piston",
        "price": 94.99
      },
      {
        "name": "Oil filter",
        "price": 200.99
      },
      {
        "name": "Radiator pressure cap",
        "price": 600.99
      },
      {
        "name": "Engine valve",
        "price": 49.99
      },
      {
        "name": "Rear Left Side Door Glass",
        "price": 100.66
      },
      {
        "name": "Fan belt",
        "price": 10.99
      },
      {
        "name": "Crankshaft",
        "price": 4.99
      }
    ]
  },
  {
    "car": {
      "make": "Mercedes",
      "model": "A 170 CDI",
      "travelledDistance": 9223775807
    },
    "parts": [
      {
        "name": "Rear Left Side Window motor",
        "price": 144.99
      },
      {
        "name": "Fascia",
        "price": 100.34
      },
      {
        "name": "Turbocharger",
        "price": 0.40
      },
      {
        "name": "Sunroof",
        "price": 103.43
      },
      {
        "name": "Center-locking",
        "price": 313.99
      },
      {
        "name": "Timing tape",
        "price": 40.90
      },
      {
        "name": "Sunroof Glass",
        "price": 205.24
      },
      {
        "name": "Fan belt",
        "price": 10.99
      },
      {
        "name": "Rear Left Quarter Glass",
        "price": 100.55
      },
      {
        "name": "Cooling fan",
        "price": 120.99
      }
    ]
  },
  {
    "car": {
      "make": "Mercedes",
      "model": "W212",
      "travelledDistance": 927254775807
    },
    "parts": [
      {
        "name": "Radiator ",
        "price": 100.99
      },
      {
        "name": "Water tank",
        "price": 100.99
      },
      {
        "name": "Oil filter",
        "price": 200.99
      },
      {
        "name": "Exhaust clamp and bracket",
        "price": 140.99
      },
      {
        "name": "Sunroof Rail",
        "price": 100.25
      },
      {
        "name": "Oil pump",
        "price": 100.19
      },
      {
        "name": "Engine valve",
        "price": 49.99
      },
      {
        "name": "Rims",
        "price": 4020.99
      },
      {
        "name": "Valance",
        "price": 1002.99
      },
      {
        "name": "Front Left Side Window motor",
        "price": 56.99
      }
    ]
  },
  {
    "car": {
      "make": "Mercedes",
      "model": "W124",
      "travelledDistance": 922336854775807
    },
    "parts": [
      {
        "name": "Rear Right Side Window motor",
        "price": 22.99
      },
      {
        "name": "Front fascia",
        "price": 11.99
      },
      {
        "name": "Front Right Side Window motor",
        "price": 44.99
      },
      {
        "name": "Timing tape",
        "price": 40.90
      },
      {
        "name": "Coolant hose ",
        "price": 150.99
      },
      {
        "name": "Fuel rail",
        "price": 107.99
      },
      {
        "name": "Rear Left Quarter Glass",
        "price": 100.55
      },
      {
        "name": "Window regulator",
        "price": 100.99
      },
      {
        "name": "Trunk/boot/hatch",
        "price": 2200.99
      },
      {
        "name": "Cooling fan",
        "price": 120.99
      }
    ]
  },
  {
    "car": {
      "make": "Mercedes",
      "model": "W210",
      "travelledDistance": 9223372036854775807
    },
    "parts": [
      {
        "name": "Valve spring",
        "price": 104.99
      },
      {
        "name": "Rear Right Side Outer door handle",
        "price": 80.99
      },
      {
        "name": "Steering box",
        "price": 103.99
      },
      {
        "name": "Door control module",
        "price": 421.99
      },
      {
        "name": "Speed reducer",
        "price": 14.99
      },
      {
        "name": "Front Right Side Inner door handle",
        "price": 100.99
      },
      {
        "name": "Engine",
        "price": 100.99
      },
      {
        "name": "Rocker cover",
        "price": 10.99
      },
      {
        "name": "Fuel pressure regulator",
        "price": 100.99
      },
      {
        "name": "Engine cradle",
        "price": 39.99
      }
    ]
  },
  {
    "car": {
      "make": "Mercedes",
      "model": "W202",
      "travelledDistance": 2147647
    },
    "parts": [
      {
        "name": "Front Left Side Door Glass",
        "price": 100.92
      },
      {
        "name": "Distributor",
        "price": 7.99
      },
      {
        "name": "Gudgeon pin",
        "price": 44.99
      },
      {
        "name": "Oil pan",
        "price": 140.99
      },
      {
        "name": "Oil strainer",
        "price": 45.29
      },
      {
        "name": "Cylinder head",
        "price": 6.99
      },
      {
        "name": "Cowl screen",
        "price": 1500.34
      },
      {
        "name": "Catalytic converter",
        "price": 540.99
      },
      {
        "name": "Fuel pressure regulator",
        "price": 100.99
      },
      {
        "name": "Crankshaft",
        "price": 4.99
      }
    ]
  },
  {
    "car": {
      "make": "Mercedes",
      "model": "W211",
      "travelledDistance": 922775807
    },
    "parts": [
      {
        "name": "Water neck",
        "price": 900.99
      },
      {
        "name": "Exhaust flange gasket",
        "price": 130.99
      },
      {
        "name": "Muffler",
        "price": 106.90
      },
      {
        "name": "Trim package",
        "price": 1900.99
      },
      {
        "name": "Water pipe",
        "price": 44.94
      },
      {
        "name": "Fuel filter",
        "price": 162.99
      },
      {
        "name": "Valve housing",
        "price": 400.99
      },
      {
        "name": "Engine valve",
        "price": 49.99
      },
      {
        "name": "Water pump pulley",
        "price": 150.99
      },
      {
        "name": "Transmission gear",
        "price": 15.99
      }
    ]
  },
  {
    "car": {
      "make": "Mercedes",
      "model": "W212",
      "travelledDistance": 2183647
    },
    "parts": [
      {
        "name": "Water pump",
        "price": 44.93
      },
      {
        "name": "Valve stem seal",
        "price": 120.99
      },
      {
        "name": "Resonator",
        "price": 106.99
      },
      {
        "name": "Radiator pressure cap",
        "price": 600.99
      },
      {
        "name": "Oil pipe",
        "price": 100.29
      },
      {
        "name": "Rims",
        "price": 4020.99
      },
      {
        "name": "Door seal",
        "price": 444.99
      },
      {
        "name": "Rocker cover",
        "price": 10.99
      },
      {
        "name": "Crankshaft",
        "price": 4.99
      },
      {
        "name": "Exhaust pipe",
        "price": 130.99
      }
    ]
  },
  {
    "car": {
      "make": "Mercedes",
      "model": "W203",
      "travelledDistance": 5807
    },
    "parts": [
      {
        "name": "Clutch shoe",
        "price": 10.49
      },
      {
        "name": "Radiator (fan) shroud",
        "price": 300.99
      }
    ]
  }
]
