[
  {
    "fullName": "Ann Mcenaney",
    "boughtCars": 7,
    "spentMoney": 24205.24
  },
  {
    "fullName": "Francis Mckim",
    "boughtCars": 5,
    "spentMoney": 20144.18
  },
  {
    "fullName": "Audrea Cardinal",
    "boughtCars": 4,
    "spentMoney": 18184.01
  },
  {
    "fullName": "Rico Peer",
    "boughtCars": 3,
    "spentMoney": 14836.48
  },
  {
    "fullName": "Sylvie Mcelravy",
    "boughtCars": 3,
    "spentMoney": 10424.39
  },
  {
    "fullName": "Yvonne Mccalla",
    "boughtCars": 4,
    "spentMoney": 10422.01
  },
  {
    "fullName": "Hipolito Lamoreaux",
    "boughtCars": 3,
    "spentMoney": 10405.33
  },
  {
    "fullName": "Carri Knapik",
    "boughtCars": 2,
    "spentMoney": 10038.81
  },
  {
    "fullName": "Jimmy Grossi",
    "boughtCars": 4,
    "spentMoney": 9537.39
  },
  {
    "fullName": "Zada Attwood",
    "boughtCars": 3,
    "spentMoney": 9535.74
  },
  {
    "fullName": "Johnette Derryberry",
    "boughtCars": 3,
    "spentMoney": 9349.21
  },
  {
    "fullName": "Nisha Markwell",
    "boughtCars": 3,
    "spentMoney": 9149.58
  },
  {
    "fullName": "Brett Brickley",
    "boughtCars": 3,
    "spentMoney": 8598.72
  },
  {
    "fullName": "Daniele Zarate",
    "boughtCars": 3,
    "spentMoney": 8260.21
  },
  {
    "fullName": "Teddy Hobby",
    "boughtCars": 2,
    "spentMoney": 7915.29
  },
  {
    "fullName": "Natalie Poli",
    "boughtCars": 3,
    "spentMoney": 7851.86
  },
  {
    "fullName": "Taina Achenbach",
    "boughtCars": 2,
    "spentMoney": 6421.27
  },
  {
    "fullName": "Garret Capron",
    "boughtCars": 2,
    "spentMoney": 5866.42
  },
  {
    "fullName": "Rema Revelle",
    "boughtCars": 2,
    "spentMoney": 5647.09
  },
  {
    "fullName": "Donnetta Soliz",
    "boughtCars": 1,
    "spentMoney": 5587.14
  },
  {
    "fullName": "Oren Perlman",
    "boughtCars": 2,
    "spentMoney": 4768.02
  },
  {
    "fullName": "Lino Subia",
    "boughtCars": 2,
    "spentMoney": 4529.64
  },
  {
    "fullName": "Carole Witman",
    "boughtCars": 2,
    "spentMoney": 4145.71
  },
  {
    "fullName": "Hai Everton",
    "boughtCars": 2,
    "spentMoney": 3975.59
  },
  {
    "fullName": "Marcelle Griego",
    "boughtCars": 2,
    "spentMoney": 3021.73
  },
  {
    "fullName": "Kristian Engberg",
    "boughtCars": 1,
    "spentMoney": 2177.53
  },
  {
    "fullName": "Faustina Burgher",
    "boughtCars": 1,
    "spentMoney": 2148.00
  },
  {
    "fullName": "Louann Holzworth",
    "boughtCars": 1,
    "spentMoney": 1937.66
  },
  {
    "fullName": "Cinthia Lasala",
    "boughtCars": 1,
    "spentMoney": 1819.29
  }
]
