[
  {
    "id": 29,
    "name": "Louann Holzworth",
    "birthDate": "1960-00-01T00:00:00",
    "isYoungDriver": false,
    "sales": [
      {
        "discount": 0,
        "car": {
          "make": "Opel",
          "model": "Astra"
        },
        "customer": {
          "name": "Louann Holzworth",
          "dateOfBirth": "1960-00-01T00:00:00",
          "isYoungDriver": false
        }
      }
    ]
  },
  {
    "id": 28,
    "name": "Donnetta Soliz",
    "birthDate": "1963-00-01T00:00:00",
    "isYoungDriver": true,
    "sales": [
      {
        "discount": 20,
        "car": {
          "make": "Mercedes",
          "model": "W212"
        },
        "customer": {
          "name": "Donnetta Soliz",
          "dateOfBirth": "1963-00-01T00:00:00",
          "isYoungDriver": true
        }
      }
    ]
  },
  {
    "id": 17,
    "name": "Rema Revelle",
    "birthDate": "1970-00-01T00:00:00",
    "isYoungDriver": true,
    "sales": [
      {
        "discount": 35,
        "car": {
          "make": "BMW",
          "model": "F04"
        },
        "customer": {
          "name": "Rema Revelle",
          "dateOfBirth": "1970-00-01T00:00:00",
          "isYoungDriver": true
        }
      },
      {
        "discount": 55,
        "car": {
          "make": "Mercedes",
          "model": "W212"
        },
        "customer": {
          "name": "Rema Revelle",
          "dateOfBirth": "1970-00-01T00:00:00",
          "isYoungDriver": true
        }
      }
    ]
  },
  {
    "id": 16,
    "name": "Carri Knapik",
    "birthDate": "1972-00-02T00:00:00",
    "isYoungDriver": true,
    "sales": [
      {
        "discount": 10,
        "car": {
          "make": "BMW",
          "model": "X6 M"
        },
        "customer": {
          "name": "Carri Knapik",
          "dateOfBirth": "1972-00-02T00:00:00",
          "isYoungDriver": true
        }
      },
      {
        "discount": 35,
        "car": {
          "make": "Fiat",
          "model": "Panda"
        },
        "customer": {
          "name": "Carri Knapik",
          "dateOfBirth": "1972-00-02T00:00:00",
          "isYoungDriver": true
        }
      }
    ]
  },
  {
    "id": 8,
    "name": "Teddy Hobby",
    "birthDate": "1975-00-01T00:00:00",
    "isYoungDriver": true,
    "sales": [
      {
        "discount": 55,
        "car": {
          "make": "Fiat",
          "model": "500 (2007) Abarth 695 Tributo Maserati"
        },
        "customer": {
          "name": "Teddy Hobby",
          "dateOfBirth": "1975-00-01T00:00:00",
          "isYoungDriver": true
        }
      },
      {
        "discount": 5,
        "car": {
          "make": "Fiat",
          "model": "Freemont"
        },
        "customer": {
          "name": "Teddy Hobby",
          "dateOfBirth": "1975-00-01T00:00:00",
          "isYoungDriver": true
        }
      }
    ]
  },
  {
    "id": 27,
    "name": "Garret Capron",
    "birthDate": "1975-00-01T00:00:00",
    "isYoungDriver": false,
    "sales": [
      {
        "discount": 30,
        "car": {
          "make": "Opel",
          "model": "Insignia"
        },
        "customer": {
          "name": "Garret Capron",
          "dateOfBirth": "1975-00-01T00:00:00",
          "isYoungDriver": false
        }
      },
      {
        "discount": 10,
        "car": {
          "make": "Mercedes",
          "model": "A 160 CDI"
        },
        "customer": {
          "name": "Garret Capron",
          "dateOfBirth": "1975-00-01T00:00:00",
          "isYoungDriver": false
        }
      }
    ]
  },
  {
    "id": 10,
    "name": "Audrea Cardinal",
    "birthDate": "1976-00-01T00:00:00",
    "isYoungDriver": false,
    "sales": [
      {
        "discount": 30,
        "car": {
          "make": "Opel",
          "model": "Omega"
        },
        "customer": {
          "name": "Audrea Cardinal",
          "dateOfBirth": "1976-00-01T00:00:00",
          "isYoungDriver": false
        }
      },
      {
        "discount": 5,
        "car": {
          "make": "Opel",
          "model": "Corsa"
        },
        "customer": {
          "name": "Audrea Cardinal",
          "dateOfBirth": "1976-00-01T00:00:00",
          "isYoungDriver": false
        }
      },
      {
        "discount": 15,
        "car": {
          "make": "BMW",
          "model": "F20"
        },
        "customer": {
          "name": "Audrea Cardinal",
          "dateOfBirth": "1976-00-01T00:00:00",
          "isYoungDriver": false
        }
      },
      {
        "discount": 10,
        "car": {
          "make": "Mercedes",
          "model": "W212"
        },
        "customer": {
          "name": "Audrea Cardinal",
          "dateOfBirth": "1976-00-01T00:00:00",
          "isYoungDriver": false
        }
      }
    ]
  },
  {
    "id": 11,
    "name": "Francis Mckim",
    "birthDate": "1977-00-01T00:00:00",
    "isYoungDriver": true,
    "sales": [
      {
        "discount": 20,
        "car": {
          "make": "Opel",
          "model": "Kadet"
        },
        "customer": {
          "name": "Francis Mckim",
          "dateOfBirth": "1977-00-01T00:00:00",
          "isYoungDriver": true
        }
      },
      {
        "discount": 35,
        "car": {
          "make": "Fiat",
          "model": "Panda 4x4 Antarctica"
        },
        "customer": {
          "name": "Francis Mckim",
          "dateOfBirth": "1977-00-01T00:00:00",
          "isYoungDriver": true
        }
      },
      {
        "discount": 10,
        "car": {
          "make": "Fiat",
          "model": "500L"
        },
        "customer": {
          "name": "Francis Mckim",
          "dateOfBirth": "1977-00-01T00:00:00",
          "isYoungDriver": true
        }
      },
      {
        "discount": 35,
        "car": {
          "make": "Fiat",
          "model": "Panda 4x4"
        },
        "customer": {
          "name": "Francis Mckim",
          "dateOfBirth": "1977-00-01T00:00:00",
          "isYoungDriver": true
        }
      },
      {
        "discount": 5,
        "car": {
          "make": "Mercedes",
          "model": "W212"
        },
        "customer": {
          "name": "Francis Mckim",
          "dateOfBirth": "1977-00-01T00:00:00",
          "isYoungDriver": true
        }
      }
    ]
  },
  {
    "id": 14,
    "name": "Brett Brickley",
    "birthDate": "1980-00-01T00:00:00",
    "isYoungDriver": true,
    "sales": [
      {
        "discount": 5,
        "car": {
          "make": "Opel",
          "model": "Vectra"
        },
        "customer": {
          "name": "Brett Brickley",
          "dateOfBirth": "1980-00-01T00:00:00",
          "isYoungDriver": true
        }
      },
      {
        "discount": 20,
        "car": {
          "make": "Opel",
          "model": "Corsa"
        },
        "customer": {
          "name": "Brett Brickley",
          "dateOfBirth": "1980-00-01T00:00:00",
          "isYoungDriver": true
        }
      },
      {
        "discount": 5,
        "car": {
          "make": "Fiat",
          "model": "Panda"
        },
        "customer": {
          "name": "Brett Brickley",
          "dateOfBirth": "1980-00-01T00:00:00",
          "isYoungDriver": true
        }
      }
    ]
  },
  {
    "id": 15,
    "name": "Kristian Engberg",
    "birthDate": "1981-00-03T00:00:00",
    "isYoungDriver": false,
    "sales": [
      {
        "discount": 20,
        "car": {
          "make": "Fiat",
          "model": "500L"
        },
        "customer": {
          "name": "Kristian Engberg",
          "dateOfBirth": "1981-00-03T00:00:00",
          "isYoungDriver": false
        }
      }
    ]
  },
  {
    "id": 4,
    "name": "Zada Attwood",
    "birthDate": "1982-00-01T00:00:00",
    "isYoungDriver": true,
    "sales": [
      {
        "discount": 25,
        "car": {
          "make": "Opel",
          "model": "Omega"
        },
        "customer": {
          "name": "Zada Attwood",
          "dateOfBirth": "1982-00-01T00:00:00",
          "isYoungDriver": true
        }
      },
      {
        "discount": 5,
        "car": {
          "make": "BMW",
          "model": "F04"
        },
        "customer": {
          "name": "Zada Attwood",
          "dateOfBirth": "1982-00-01T00:00:00",
          "isYoungDriver": true
        }
      },
      {
        "discount": 55,
        "car": {
          "make": "Fiat",
          "model": "500L"
        },
        "customer": {
          "name": "Zada Attwood",
          "dateOfBirth": "1982-00-01T00:00:00",
          "isYoungDriver": true
        }
      }
    ]
  },
  {
    "id": 26,
    "name": "Hipolito Lamoreaux",
    "birthDate": "1982-00-01T00:00:00",
    "isYoungDriver": true,
    "sales": [
      {
        "discount": 45,
        "car": {
          "make": "Opel",
          "model": "Astra"
        },
        "customer": {
          "name": "Hipolito Lamoreaux",
          "dateOfBirth": "1982-00-01T00:00:00",
          "isYoungDriver": true
        }
      },
      {
        "discount": 10,
        "car": {
          "make": "BMW",
          "model": "1M Coupe"
        },
        "customer": {
          "name": "Hipolito Lamoreaux",
          "dateOfBirth": "1982-00-01T00:00:00",
          "isYoungDriver": true
        }
      },
      {
        "discount": 15,
        "car": {
          "make": "BMW",
          "model": "M6 E63"
        },
        "customer": {
          "name": "Hipolito Lamoreaux",
          "dateOfBirth": "1982-00-01T00:00:00",
          "isYoungDriver": true
        }
      }
    ]
  },
  {
    "id": 25,
    "name": "Sylvie Mcelravy",
    "birthDate": "1983-00-01T00:00:00",
    "isYoungDriver": false,
    "sales": [
      {
        "discount": 10,
        "car": {
          "make": "BMW",
          "model": "X6 M"
        },
        "customer": {
          "name": "Sylvie Mcelravy",
          "dateOfBirth": "1983-00-01T00:00:00",
          "isYoungDriver": false
        }
      },
      {
        "discount": 20,
        "car": {
          "make": "Mercedes",
          "model": "W211"
        },
        "customer": {
          "name": "Sylvie Mcelravy",
          "dateOfBirth": "1983-00-01T00:00:00",
          "isYoungDriver": false
        }
      },
      {
        "discount": 20,
        "car": {
          "make": "Mercedes",
          "model": "W211"
        },
        "customer": {
          "name": "Sylvie Mcelravy",
          "dateOfBirth": "1983-00-01T00:00:00",
          "isYoungDriver": false
        }
      }
    ]
  },
  {
    "id": 7,
    "name": "Rico Peer",
    "birthDate": "1984-00-01T00:00:00",
    "isYoungDriver": true,
    "sales": [
      {
        "discount": 10,
        "car": {
          "make": "Opel",
          "model": "Corsa"
        },
        "customer": {
          "name": "Rico Peer",
          "dateOfBirth": "1984-00-01T00:00:00",
          "isYoungDriver": true
        }
      },
      {
        "discount": 35,
        "car": {
          "make": "Fiat",
          "model": "Panda 4x4"
        },
        "customer": {
          "name": "Rico Peer",
          "dateOfBirth": "1984-00-01T00:00:00",
          "isYoungDriver": true
        }
      },
      {
        "discount": 25,
        "car": {
          "make": "Mercedes",
          "model": "A 140"
        },
        "customer": {
          "name": "Rico Peer",
          "dateOfBirth": "1984-00-01T00:00:00",
          "isYoungDriver": true
        }
      }
    ]
  },
  {
    "id": 5,
    "name": "Hai Everton",
    "birthDate": "1985-00-01T00:00:00",
    "isYoungDriver": true,
    "sales": [
      {
        "discount": 25,
        "car": {
          "make": "BMW",
          "model": "M5 F10"
        },
        "customer": {
          "name": "Hai Everton",
          "dateOfBirth": "1985-00-01T00:00:00",
          "isYoungDriver": true
        }
      },
      {
        "discount": 20,
        "car": {
          "make": "Fiat",
          "model": "Freemont"
        },
        "customer": {
          "name": "Hai Everton",
          "dateOfBirth": "1985-00-01T00:00:00",
          "isYoungDriver": true
        }
      }
    ]
  },
  {
    "id": 6,
    "name": "Lino Subia",
    "birthDate": "1985-00-21T00:00:00",
    "isYoungDriver": false,
    "sales": [
      {
        "discount": 15,
        "car": {
          "make": "Opel",
          "model": "Omega"
        },
        "customer": {
          "name": "Lino Subia",
          "dateOfBirth": "1985-00-21T00:00:00",
          "isYoungDriver": false
        }
      },
      {
        "discount": 40,
        "car": {
          "make": "Opel",
          "model": "Vectra"
        },
        "customer": {
          "name": "Lino Subia",
          "dateOfBirth": "1985-00-21T00:00:00",
          "isYoungDriver": false
        }
      }
    ]
  },
  {
    "id": 24,
    "name": "Jimmy Grossi",
    "birthDate": "1986-00-01T00:00:00",
    "isYoungDriver": true,
    "sales": [
      {
        "discount": 35,
        "car": {
          "make": "BMW",
          "model": "F20"
        },
        "customer": {
          "name": "Jimmy Grossi",
          "dateOfBirth": "1986-00-01T00:00:00",
          "isYoungDriver": true
        }
      },
      {
        "discount": 15,
        "car": {
          "make": "BMW",
          "model": "F20"
        },
        "customer": {
          "name": "Jimmy Grossi",
          "dateOfBirth": "1986-00-01T00:00:00",
          "isYoungDriver": true
        }
      },
      {
        "discount": 15,
        "car": {
          "make": "Fiat",
          "model": "500L"
        },
        "customer": {
          "name": "Jimmy Grossi",
          "dateOfBirth": "1986-00-01T00:00:00",
          "isYoungDriver": true
        }
      },
      {
        "discount": 35,
        "car": {
          "make": "Mercedes",
          "model": "W124"
        },
        "customer": {
          "name": "Jimmy Grossi",
          "dateOfBirth": "1986-00-01T00:00:00",
          "isYoungDriver": true
        }
      }
    ]
  },
  {
    "id": 12,
    "name": "Carole Witman",
    "birthDate": "1987-00-01T00:00:00",
    "isYoungDriver": false,
    "sales": [
      {
        "discount": 10,
        "car": {
          "make": "Opel",
          "model": "Omega"
        },
        "customer": {
          "name": "Carole Witman",
          "dateOfBirth": "1987-00-01T00:00:00",
          "isYoungDriver": false
        }
      },
      {
        "discount": 20,
        "car": {
          "make": "Mercedes",
          "model": "W202"
        },
        "customer": {
          "name": "Carole Witman",
          "dateOfBirth": "1987-00-01T00:00:00",
          "isYoungDriver": false
        }
      }
    ]
  },
  {
    "id": 13,
    "name": "Oren Perlman",
    "birthDate": "1988-00-01T00:00:00",
    "isYoungDriver": true,
    "sales": [
      {
        "discount": 55,
        "car": {
          "make": "BMW",
          "model": "X6 M"
        },
        "customer": {
          "name": "Oren Perlman",
          "dateOfBirth": "1988-00-01T00:00:00",
          "isYoungDriver": true
        }
      },
      {
        "discount": 15,
        "car": {
          "make": "Fiat",
          "model": "Freemont"
        },
        "customer": {
          "name": "Oren Perlman",
          "dateOfBirth": "1988-00-01T00:00:00",
          "isYoungDriver": true
        }
      }
    ]
  },
  {
    "id": 2,
    "name": "Natalie Poli",
    "birthDate": "1990-00-04T00:00:00",
    "isYoungDriver": false,
    "sales": [
      {
        "discount": 30,
        "car": {
          "make": "BMW",
          "model": "F25"
        },
        "customer": {
          "name": "Natalie Poli",
          "dateOfBirth": "1990-00-04T00:00:00",
          "isYoungDriver": false
        }
      },
      {
        "discount": 15,
        "car": {
          "make": "Fiat",
          "model": "500L"
        },
        "customer": {
          "name": "Natalie Poli",
          "dateOfBirth": "1990-00-04T00:00:00",
          "isYoungDriver": false
        }
      },
      {
        "discount": 5,
        "car": {
          "make": "Mercedes",
          "model": "A 170 CDI"
        },
        "customer": {
          "name": "Natalie Poli",
          "dateOfBirth": "1990-00-04T00:00:00",
          "isYoungDriver": false
        }
      }
    ]
  },
  {
    "id": 3,
    "name": "Marcelle Griego",
    "birthDate": "1990-00-04T00:00:00",
    "isYoungDriver": true,
    "sales": [
      {
        "discount": 45,
        "car": {
          "make": "BMW",
          "model": "M6 E63"
        },
        "customer": {
          "name": "Marcelle Griego",
          "dateOfBirth": "1990-00-04T00:00:00",
          "isYoungDriver": true
        }
      },
      {
        "discount": 35,
        "car": {
          "make": "Mercedes",
          "model": "A 160"
        },
        "customer": {
          "name": "Marcelle Griego",
          "dateOfBirth": "1990-00-04T00:00:00",
          "isYoungDriver": true
        }
      }
    ]
  },
  {
    "id": 21,
    "name": "Cinthia Lasala",
    "birthDate": "1992-00-01T00:00:00",
    "isYoungDriver": true,
    "sales": [
      {
        "discount": 45,
        "car": {
          "make": "Fiat",
          "model": "Panda 4x4 Antarctica"
        },
        "customer": {
          "name": "Cinthia Lasala",
          "dateOfBirth": "1992-00-01T00:00:00",
          "isYoungDriver": true
        }
      }
    ]
  },
  {
    "id": 19,
    "name": "Yvonne Mccalla",
    "birthDate": "1992-00-02T00:00:00",
    "isYoungDriver": true,
    "sales": [
      {
        "discount": 55,
        "car": {
          "make": "Opel",
          "model": "Astra"
        },
        "customer": {
          "name": "Yvonne Mccalla",
          "dateOfBirth": "1992-00-02T00:00:00",
          "isYoungDriver": true
        }
      },
      {
        "discount": 25,
        "car": {
          "make": "Opel",
          "model": "Insignia"
        },
        "customer": {
          "name": "Yvonne Mccalla",
          "dateOfBirth": "1992-00-02T00:00:00",
          "isYoungDriver": true
        }
      },
      {
        "discount": 55,
        "car": {
          "make": "BMW",
          "model": "E88"
        },
        "customer": {
          "name": "Yvonne Mccalla",
          "dateOfBirth": "1992-00-02T00:00:00",
          "isYoungDriver": true
        }
      },
      {
        "discount": 55,
        "car": {
          "make": "Mercedes",
          "model": "W203"
        },
        "customer": {
          "name": "Yvonne Mccalla",
          "dateOfBirth": "1992-00-02T00:00:00",
          "isYoungDriver": true
        }
      }
    ]
  },
  {
    "id": 30,
    "name": "Ann Mcenaney",
    "birthDate": "1992-00-02T00:00:00",
    "isYoungDriver": true,
    "sales": [
      {
        "discount": 25,
        "car": {
          "make": "Opel",
          "model": "Astra"
        },
        "customer": {
          "name": "Ann Mcenaney",
          "dateOfBirth": "1992-00-02T00:00:00",
          "isYoungDriver": true
        }
      },
      {
        "discount": 55,
        "car": {
          "make": "Opel",
          "model": "Omega"
        },
        "customer": {
          "name": "Ann Mcenaney",
          "dateOfBirth": "1992-00-02T00:00:00",
          "isYoungDriver": true
        }
      },
      {
        "discount": 20,
        "car": {
          "make": "BMW",
          "model": "M Roadster E85"
        },
        "customer": {
          "name": "Ann Mcenaney",
          "dateOfBirth": "1992-00-02T00:00:00",
          "isYoungDriver": true
        }
      },
      {
        "discount": 25,
        "car": {
          "make": "BMW",
          "model": "F20"
        },
        "customer": {
          "name": "Ann Mcenaney",
          "dateOfBirth": "1992-00-02T00:00:00",
          "isYoungDriver": true
        }
      },
      {
        "discount": 5,
        "car": {
          "make": "Fiat",
          "model": "Freemont"
        },
        "customer": {
          "name": "Ann Mcenaney",
          "dateOfBirth": "1992-00-02T00:00:00",
          "isYoungDriver": true
        }
      },
      {
        "discount": 35,
        "car": {
          "make": "Fiat",
          "model": "Panda 4x4"
        },
        "customer": {
          "name": "Ann Mcenaney",
          "dateOfBirth": "1992-00-02T00:00:00",
          "isYoungDriver": true
        }
      },
      {
        "discount": 55,
        "car": {
          "make": "Mercedes",
          "model": "W202"
        },
        "customer": {
          "name": "Ann Mcenaney",
          "dateOfBirth": "1992-00-02T00:00:00",
          "isYoungDriver": true
        }
      }
    ]
  },
  {
    "id": 1,
    "name": "Emmitt Benally",
    "birthDate": "1993-00-20T00:00:00",
    "isYoungDriver": true,
    "sales": []
  },
  {
    "id": 18,
    "name": "Taina Achenbach",
    "birthDate": "1994-00-01T00:00:00",
    "isYoungDriver": false,
    "sales": [
      {
        "discount": 30,
        "car": {
          "make": "Fiat",
          "model": "Panda 4x4 Antarctica"
        },
        "customer": {
          "name": "Taina Achenbach",
          "dateOfBirth": "1994-00-01T00:00:00",
          "isYoungDriver": false
        }
      },
      {
        "discount": 40,
        "car": {
          "make": "Fiat",
          "model": "500 (2007) Abarth 695 Tributo Maserati"
        },
        "customer": {
          "name": "Taina Achenbach",
          "dateOfBirth": "1994-00-01T00:00:00",
          "isYoungDriver": false
        }
      }
    ]
  },
  {
    "id": 23,
    "name": "Faustina Burgher",
    "birthDate": "1994-00-01T00:00:00",
    "isYoungDriver": false,
    "sales": [
      {
        "discount": 10,
        "car": {
          "make": "BMW",
          "model": "M5 F10"
        },
        "customer": {
          "name": "Faustina Burgher",
          "dateOfBirth": "1994-00-01T00:00:00",
          "isYoungDriver": false
        }
      }
    ]
  },
  {
    "id": 20,
    "name": "Nisha Markwell",
    "birthDate": "1994-00-04T00:00:00",
    "isYoungDriver": false,
    "sales": [
      {
        "discount": 15,
        "car": {
          "make": "Opel",
          "model": "Insignia"
        },
        "customer": {
          "name": "Nisha Markwell",
          "dateOfBirth": "1994-00-04T00:00:00",
          "isYoungDriver": false
        }
      },
      {
        "discount": 0,
        "car": {
          "make": "BMW",
          "model": "F04"
        },
        "customer": {
          "name": "Nisha Markwell",
          "dateOfBirth": "1994-00-04T00:00:00",
          "isYoungDriver": false
        }
      },
      {
        "discount": 20,
        "car": {
          "make": "Fiat",
          "model": "Panda"
        },
        "customer": {
          "name": "Nisha Markwell",
          "dateOfBirth": "1994-00-04T00:00:00",
          "isYoungDriver": false
        }
      }
    ]
  },
  {
    "id": 9,
    "name": "Johnette Derryberry",
    "birthDate": "1995-00-01T00:00:00",
    "isYoungDriver": true,
    "sales": [
      {
        "discount": 25,
        "car": {
          "make": "Opel",
          "model": "Corsa"
        },
        "customer": {
          "name": "Johnette Derryberry",
          "dateOfBirth": "1995-00-01T00:00:00",
          "isYoungDriver": true
        }
      },
      {
        "discount": 10,
        "car": {
          "make": "BMW",
          "model": "M6 E63"
        },
        "customer": {
          "name": "Johnette Derryberry",
          "dateOfBirth": "1995-00-01T00:00:00",
          "isYoungDriver": true
        }
      },
      {
        "discount": 55,
        "car": {
          "make": "Fiat",
          "model": "500 (2007) Abarth 695 Tributo Maserati"
        },
        "customer": {
          "name": "Johnette Derryberry",
          "dateOfBirth": "1995-00-01T00:00:00",
          "isYoungDriver": true
        }
      }
    ]
  },
  {
    "id": 22,
    "name": "Daniele Zarate",
    "birthDate": "1995-00-05T00:00:00",
    "isYoungDriver": false,
    "sales": [
      {
        "discount": 20,
        "car": {
          "make": "BMW",
          "model": "E67"
        },
        "customer": {
          "name": "Daniele Zarate",
          "dateOfBirth": "1995-00-05T00:00:00",
          "isYoungDriver": false
        }
      },
      {
        "discount": 20,
        "car": {
          "make": "Fiat",
          "model": "Panda"
        },
        "customer": {
          "name": "Daniele Zarate",
          "dateOfBirth": "1995-00-05T00:00:00",
          "isYoungDriver": false
        }
      },
      {
        "discount": 50,
        "car": {
          "make": "Mercedes",
          "model": "W210"
        },
        "customer": {
          "name": "Daniele Zarate",
          "dateOfBirth": "1995-00-05T00:00:00",
          "isYoungDriver": false
        }
      }
    ]
  }
]
