[
  {
    "car": {
      "make": "Opel",
      "model": "Omega",
      "travelledDistance": 2147483647
    },
    "customerName": "Audrea Cardinal",
    "discount": 30,
    "price": 6080.26,
    "priceWithDiscount": 4256.181999999999729982214091705827740952372550964355468750
  },
  {
    "car": {
      "make": "Opel",
      "model": "Astra",
      "travelledDistance": 9223372036854775807
    },
    "customerName": "Yvonne Mccalla",
    "discount": 55,
    "price": 1930.84,
    "priceWithDiscount": 868.877999999999914253479005310509819537401199340820312500
  },
  {
    "car": {
      "make": "Opel",
      "model": "Astra",
      "travelledDistance": 922337203685807
    },
    "customerName": "Ann Mcenaney",
    "discount": 25,
    "price": 1386.20,
    "priceWithDiscount": 1039.6500
  },
  {
    "car": {
      "make": "Opel",
      "model": "Corsa",
      "travelledDistance": 214747
    },
    "customerName": "Rico Peer",
    "discount": 10,
    "price": 713.90,
    "priceWithDiscount": 642.5100000000000158517643455979850841686129570007324218750
  },
  {
    "car": {
      "make": "Opel",
      "model": "Kadet",
      "travelledDistance": 21474847
    },
    "customerName": "Francis Mckim",
    "discount": 20,
    "price": 2633.56,
    "priceWithDiscount": 2106.848000000000116953557949273090343922376632690429687500
  },
  {
    "car": {
      "make": "Opel",
      "model": "Vectra",
      "travelledDistance": 9223372854775807
    },
    "customerName": "Brett Brickley",
    "discount": 5,
    "price": 4756.39,
    "priceWithDiscount": 4518.570499999999788773852316126067307777702808380126953125
  },
  {
    "car": {
      "make": "Opel",
      "model": "Insignia",
      "travelledDistance": 2147483647
    },
    "customerName": "Nisha Markwell",
    "discount": 15,
    "price": 822.83,
    "priceWithDiscount": 699.4054999999999817295037729536488768644630908966064453125
  },
  {
    "car": {
      "make": "Opel",
      "model": "Astra",
      "travelledDistance": 922336854775807
    },
    "customerName": "Louann Holzworth",
    "discount": 0,
    "price": 1937.66,
    "priceWithDiscount": 1937.66
  },
  {
    "car": {
      "make": "Opel",
      "model": "Corsa",
      "travelledDistance": 21474847
    },
    "customerName": "Johnette Derryberry",
    "discount": 25,
    "price": 1061.15,
    "priceWithDiscount": 795.8625
  },
  {
    "car": {
      "make": "Opel",
      "model": "Omega",
      "travelledDistance": 2147483647
    },
    "customerName": "Lino Subia",
    "discount": 15,
    "price": 1512.83,
    "priceWithDiscount": 1285.9054999999999664084260331264886190183460712432861328125
  },
  {
    "car": {
      "make": "Opel",
      "model": "Insignia",
      "travelledDistance": 9223372036854775807
    },
    "customerName": "Garret Capron",
    "discount": 30,
    "price": 2710.25,
    "priceWithDiscount": 1897.174999999999879640721900386779452674090862274169921875
  },
  {
    "car": {
      "make": "Opel",
      "model": "Vectra",
      "travelledDistance": 2147483647
    },
    "customerName": "Lino Subia",
    "discount": 40,
    "price": 3016.81,
    "priceWithDiscount": 1810.0859999999999330133615416116299456916749477386474609375
  },
  {
    "car": {
      "make": "Opel",
      "model": "Astra",
      "travelledDistance": 2147483647
    },
    "customerName": "Hipolito Lamoreaux",
    "discount": 45,
    "price": 5748.55,
    "priceWithDiscount": 3161.702500000000255286902728357745218090713024139404296875
  },
  {
    "car": {
      "make": "Opel",
      "model": "Omega",
      "travelledDistance": 2147483647
    },
    "customerName": "Carole Witman",
    "discount": 10,
    "price": 1651.23,
    "priceWithDiscount": 1486.1070000000000366646712990359446848742663860321044921875
  },
  {
    "car": {
      "make": "Opel",
      "model": "Corsa",
      "travelledDistance": 2147483647
    },
    "customerName": "Brett Brickley",
    "discount": 20,
    "price": 2087.51,
    "priceWithDiscount": 1670.008000000000092704066645410421187989413738250732421875
  },
  {
    "car": {
      "make": "Opel",
      "model": "Insignia",
      "travelledDistance": 9223372036854775807
    },
    "customerName": "Yvonne Mccalla",
    "discount": 25,
    "price": 6453.13,
    "priceWithDiscount": 4839.8475
  },
  {
    "car": {
      "make": "Opel",
      "model": "Omega",
      "travelledDistance": 9223336854775807
    },
    "customerName": "Ann Mcenaney",
    "discount": 55,
    "price": 2948.15,
    "priceWithDiscount": 1326.667499999999869075839598053789814002811908721923828125
  },
  {
    "car": {
      "make": "Opel",
      "model": "Corsa",
      "travelledDistance": 2
    },
    "customerName": "Audrea Cardinal",
    "discount": 5,
    "price": 4560.21,
    "priceWithDiscount": 4332.199499999999797485994434964595711790025234222412109375
  },
  {
    "car": {
      "make": "Opel",
      "model": "Omega",
      "travelledDistance": 1
    },
    "customerName": "Zada Attwood",
    "discount": 25,
    "price": 1037.45,
    "priceWithDiscount": 778.0875
  },
  {
    "car": {
      "make": "BMW",
      "model": "F20",
      "travelledDistance": 2147483647
    },
    "customerName": "Jimmy Grossi",
    "discount": 35,
    "price": 3080.62,
    "priceWithDiscount": 2002.4030000000000684035050824149948311969637870788574218750
  },
  {
    "car": {
      "make": "BMW",
      "model": "F25",
      "travelledDistance": 9223372036854775807
    },
    "customerName": "Natalie Poli",
    "discount": 30,
    "price": 4251.85,
    "priceWithDiscount": 2976.294999999999811179929309901126543991267681121826171875
  },
  {
    "car": {
      "make": "BMW",
      "model": "M5 F10",
      "travelledDistance": 10
    },
    "customerName": "Faustina Burgher",
    "discount": 10,
    "price": 2148.00,
    "priceWithDiscount": 1933.2000000000000476951811378967249765992164611816406250000
  },
  {
    "car": {
      "make": "BMW",
      "model": "F04",
      "travelledDistance": 100000
    },
    "customerName": "Zada Attwood",
    "discount": 5,
    "price": 6195.50,
    "priceWithDiscount": 5885.724999999999724864530037393706152215600013732910156250
  },
  {
    "car": {
      "make": "BMW",
      "model": "E88",
      "travelledDistance": 200000
    },
    "customerName": "Yvonne Mccalla",
    "discount": 55,
    "price": 1726.56,
    "priceWithDiscount": 776.951999999999923325333384127588942646980285644531250000
  },
  {
    "car": {
      "make": "BMW",
      "model": "M Roadster E85",
      "travelledDistance": 92233720365807
    },
    "customerName": "Ann Mcenaney",
    "discount": 20,
    "price": 5809.53,
    "priceWithDiscount": 4647.624000000000257994958730023427051492035388946533203125
  },
  {
    "car": {
      "make": "BMW",
      "model": "1M Coupe",
      "travelledDistance": 2147
    },
    "customerName": "Hipolito Lamoreaux",
    "discount": 10,
    "price": 2013.28,
    "priceWithDiscount": 1811.9520000000000447037962203467031940817832946777343750000
  },
  {
    "car": {
      "make": "BMW",
      "model": "X6 M",
      "travelledDistance": 922775807
    },
    "customerName": "Sylvie Mcelravy",
    "discount": 10,
    "price": 4180.06,
    "priceWithDiscount": 3762.0540000000000928159771262926369672641158103942871093750
  },
  {
    "car": {
      "make": "BMW",
      "model": "E67",
      "travelledDistance": 21447
    },
    "customerName": "Daniele Zarate",
    "discount": 20,
    "price": 2465.41,
    "priceWithDiscount": 1972.328000000000109486197885644287453033030033111572265625
  },
  {
    "car": {
      "make": "BMW",
      "model": "M6 E63",
      "travelledDistance": 92235807
    },
    "customerName": "Johnette Derryberry",
    "discount": 10,
    "price": 5332.25,
    "priceWithDiscount": 4799.0250000000001183997344611498192534781992435455322265625
  },
  {
    "car": {
      "make": "BMW",
      "model": "M6 E63",
      "travelledDistance": 2147
    },
    "customerName": "Marcelle Griego",
    "discount": 45,
    "price": 1065.48,
    "priceWithDiscount": 586.014000000000047316817131104471627622842788696289062500
  },
  {
    "car": {
      "make": "BMW",
      "model": "F20",
      "travelledDistance": 21447
    },
    "customerName": "Audrea Cardinal",
    "discount": 15,
    "price": 4573.73,
    "priceWithDiscount": 3887.6704999999998984427929116236555273644626140594482421875
  },
  {
    "car": {
      "make": "BMW",
      "model": "F04",
      "travelledDistance": 2143647
    },
    "customerName": "Rema Revelle",
    "discount": 35,
    "price": 5185.39,
    "priceWithDiscount": 3370.5035000000001151387873932208094629459083080291748046875
  },
  {
    "car": {
      "make": "BMW",
      "model": "M5 F10",
      "travelledDistance": 27483647
    },
    "customerName": "Hai Everton",
    "discount": 25,
    "price": 742.83,
    "priceWithDiscount": 557.1225
  },
  {
    "car": {
      "make": "BMW",
      "model": "X6 M",
      "travelledDistance": 2036854775807
    },
    "customerName": "Oren Perlman",
    "discount": 55,
    "price": 3483.90,
    "priceWithDiscount": 1567.754999999999845283760180336685152724385261535644531250
  },
  {
    "car": {
      "make": "BMW",
      "model": "F20",
      "travelledDistance": 83647
    },
    "customerName": "Ann Mcenaney",
    "discount": 25,
    "price": 5524.35,
    "priceWithDiscount": 4143.2625
  },
  {
    "car": {
      "make": "BMW",
      "model": "X6 M",
      "travelledDistance": 483647
    },
    "customerName": "Carri Knapik",
    "discount": 10,
    "price": 6021.06,
    "priceWithDiscount": 5418.9540000000001336943888929909007856622338294982910156250
  },
  {
    "car": {
      "make": "BMW",
      "model": "F04",
      "travelledDistance": 483647
    },
    "customerName": "Nisha Markwell",
    "discount": 0,
    "price": 4022.25,
    "priceWithDiscount": 4022.25
  },
  {
    "car": {
      "make": "BMW",
      "model": "F20",
      "travelledDistance": 975807
    },
    "customerName": "Jimmy Grossi",
    "discount": 15,
    "price": 967.50,
    "priceWithDiscount": 822.3749999999999785171844735032209428027272224426269531250
  },
  {
    "car": {
      "make": "BMW",
      "model": "M6 E63",
      "travelledDistance": 214747
    },
    "customerName": "Hipolito Lamoreaux",
    "discount": 15,
    "price": 2643.50,
    "priceWithDiscount": 2246.9749999999999413025086880679737078025937080383300781250
  },
  {
    "car": {
      "make": "Fiat",
      "model": "Panda",
      "travelledDistance": 92233854775807
    },
    "customerName": "Carri Knapik",
    "discount": 35,
    "price": 4017.75,
    "priceWithDiscount": 2611.5375000000000892119711437544538057409226894378662109375
  },
  {
    "car": {
      "make": "Fiat",
      "model": "Panda 4x4 Antarctica",
      "travelledDistance": 214747
    },
    "customerName": "Francis Mckim",
    "discount": 35,
    "price": 3526.99,
    "priceWithDiscount": 2292.5435000000000783149101124536173301748931407928466796875
  },
  {
    "car": {
      "make": "Fiat",
      "model": "500 (2007) Abarth 695 Tributo Maserati",
      "travelledDistance": 214747
    },
    "customerName": "Johnette Derryberry",
    "discount": 55,
    "price": 2955.81,
    "priceWithDiscount": 1330.114499999999868735667263308641850017011165618896484375
  },
  {
    "car": {
      "make": "Fiat",
      "model": "Panda 4x4 Antarctica",
      "travelledDistance": 2183647
    },
    "customerName": "Taina Achenbach",
    "discount": 30,
    "price": 4698.09,
    "priceWithDiscount": 3288.662999999999791362892409551932360045611858367919921875
  },
  {
    "car": {
      "make": "Fiat",
      "model": "Panda 4x4",
      "travelledDistance": 2147447
    },
    "customerName": "Rico Peer",
    "discount": 35,
    "price": 8891.76,
    "priceWithDiscount": 5779.6440000000001974367336288196383975446224212646484375000
  },
  {
    "car": {
      "make": "Fiat",
      "model": "Panda",
      "travelledDistance": 21447
    },
    "customerName": "Daniele Zarate",
    "discount": 20,
    "price": 4713.90,
    "priceWithDiscount": 3771.120000000000209339212631221016636118292808532714843750
  },
  {
    "car": {
      "make": "Fiat",
      "model": "Freemont",
      "travelledDistance": 214647
    },
    "customerName": "Hai Everton",
    "discount": 20,
    "price": 3232.76,
    "priceWithDiscount": 2586.208000000000143563383403488842304795980453491210937500
  },
  {
    "car": {
      "make": "Fiat",
      "model": "500L",
      "travelledDistance": 21474847
    },
    "customerName": "Jimmy Grossi",
    "discount": 15,
    "price": 2585.90,
    "priceWithDiscount": 2198.0149999999999425814856124361540423706173896789550781250
  },
  {
    "car": {
      "make": "Fiat",
      "model": "Panda",
      "travelledDistance": 21474837
    },
    "customerName": "Nisha Markwell",
    "discount": 20,
    "price": 4304.50,
    "priceWithDiscount": 3443.600000000000191158200379959453130140900611877441406250
  },
  {
    "car": {
      "make": "Fiat",
      "model": "Freemont",
      "travelledDistance": 92233685477
    },
    "customerName": "Ann Mcenaney",
    "discount": 5,
    "price": 2553.85,
    "priceWithDiscount": 2426.157499999999886586277142441758769564330577850341796875
  },
  {
    "car": {
      "make": "Fiat",
      "model": "Panda 4x4",
      "travelledDistance": 92233736854775807
    },
    "customerName": "Ann Mcenaney",
    "discount": 35,
    "price": 3326.90,
    "priceWithDiscount": 2162.4850000000000738720196125086658867076039314270019531250
  },
  {
    "car": {
      "make": "Fiat",
      "model": "Panda 4x4 Antarctica",
      "travelledDistance": 21483647
    },
    "customerName": "Cinthia Lasala",
    "discount": 45,
    "price": 1819.29,
    "priceWithDiscount": 1000.609500000000080792705858812041697092354297637939453125
  },
  {
    "car": {
      "make": "Fiat",
      "model": "500L",
      "travelledDistance": 2147647
    },
    "customerName": "Francis Mckim",
    "discount": 10,
    "price": 5043.57,
    "priceWithDiscount": 4539.2130000000001119897508061740154516883194446563720703125
  },
  {
    "car": {
      "make": "Fiat",
      "model": "500L",
      "travelledDistance": 92233754775807
    },
    "customerName": "Natalie Poli",
    "discount": 15,
    "price": 2458.19,
    "priceWithDiscount": 2089.4614999999999454172172619337288779206573963165283203125
  },
  {
    "car": {
      "make": "Fiat",
      "model": "500 (2007) Abarth 695 Tributo Maserati",
      "travelledDistance": 922337205807
    },
    "customerName": "Taina Achenbach",
    "discount": 40,
    "price": 1723.18,
    "priceWithDiscount": 1033.9079999999999617377177685284550534561276435852050781250
  },
  {
    "car": {
      "make": "Fiat",
      "model": "Panda",
      "travelledDistance": 2147487
    },
    "customerName": "Brett Brickley",
    "discount": 5,
    "price": 1754.82,
    "priceWithDiscount": 1667.078999999999922070337277091311989352107048034667968750
  },
  {
    "car": {
      "make": "Fiat",
      "model": "500L",
      "travelledDistance": 922337204775807
    },
    "customerName": "Kristian Engberg",
    "discount": 20,
    "price": 2177.53,
    "priceWithDiscount": 1742.024000000000096701757712480684858746826648712158203125
  },
  {
    "car": {
      "make": "Fiat",
      "model": "Freemont",
      "travelledDistance": 21473647
    },
    "customerName": "Oren Perlman",
    "discount": 15,
    "price": 1284.12,
    "priceWithDiscount": 1091.5019999999999714868081923668796662241220474243164062500
  },
  {
    "car": {
      "make": "Fiat",
      "model": "Panda 4x4",
      "travelledDistance": 922036854775807
    },
    "customerName": "Francis Mckim",
    "discount": 35,
    "price": 3064.70,
    "priceWithDiscount": 1992.0550000000000680500100713743449887260794639587402343750
  },
  {
    "car": {
      "make": "Fiat",
      "model": "500 (2007) Abarth 695 Tributo Maserati",
      "travelledDistance": 92236854775807
    },
    "customerName": "Teddy Hobby",
    "discount": 55,
    "price": 6151.46,
    "priceWithDiscount": 2768.156999999999726820298917573381913825869560241699218750
  },
  {
    "car": {
      "make": "Fiat",
      "model": "Freemont",
      "travelledDistance": 2147647
    },
    "customerName": "Teddy Hobby",
    "discount": 5,
    "price": 1763.83,
    "priceWithDiscount": 1675.638499999999921670212899016405572183430194854736328125
  },
  {
    "car": {
      "make": "Fiat",
      "model": "500L",
      "travelledDistance": 922337203675807
    },
    "customerName": "Zada Attwood",
    "discount": 55,
    "price": 2302.79,
    "priceWithDiscount": 1036.255499999999897735580844937430811114609241485595703125
  },
  {
    "car": {
      "make": "Mercedes",
      "model": "A 140",
      "travelledDistance": 92233754775807
    },
    "customerName": "Rico Peer",
    "discount": 25,
    "price": 5230.82,
    "priceWithDiscount": 3923.1150
  },
  {
    "car": {
      "make": "Mercedes",
      "model": "W212",
      "travelledDistance": 2147647
    },
    "customerName": "Audrea Cardinal",
    "discount": 10,
    "price": 2969.81,
    "priceWithDiscount": 2672.8290000000000659430288152407229063101112842559814453125
  },
  {
    "car": {
      "make": "Mercedes",
      "model": "A 160",
      "travelledDistance": 9223372036
    },
    "customerName": "Marcelle Griego",
    "discount": 35,
    "price": 1956.25,
    "priceWithDiscount": 1271.5625000000000434374758384592496440745890140533447265625
  },
  {
    "car": {
      "make": "Mercedes",
      "model": "A 160 CDI",
      "travelledDistance": 4775807
    },
    "customerName": "Garret Capron",
    "discount": 10,
    "price": 3156.17,
    "priceWithDiscount": 2840.5530000000000700810520726236063637770712375640869140625
  },
  {
    "car": {
      "make": "Mercedes",
      "model": "W212",
      "travelledDistance": 54775807
    },
    "customerName": "Rema Revelle",
    "discount": 55,
    "price": 461.70,
    "priceWithDiscount": 207.764999999999979496401181222609011456370353698730468750
  },
  {
    "car": {
      "make": "Mercedes",
      "model": "W202",
      "travelledDistance": 92233754775807
    },
    "customerName": "Ann Mcenaney",
    "discount": 55,
    "price": 2656.26,
    "priceWithDiscount": 1195.316999999999882038359544367267517372965812683105468750
  },
  {
    "car": {
      "make": "Mercedes",
      "model": "W211",
      "travelledDistance": 47757
    },
    "customerName": "Sylvie Mcelravy",
    "discount": 20,
    "price": 2378.57,
    "priceWithDiscount": 1902.856000000000105629727187306343694217503070831298828125
  },
  {
    "car": {
      "make": "Mercedes",
      "model": "A 170 CDI",
      "travelledDistance": 9223775807
    },
    "customerName": "Natalie Poli",
    "discount": 5,
    "price": 1141.82,
    "priceWithDiscount": 1084.728999999999949293005840900150360539555549621582031250
  },
  {
    "car": {
      "make": "Mercedes",
      "model": "W212",
      "travelledDistance": 927254775807
    },
    "customerName": "Francis Mckim",
    "discount": 5,
    "price": 5875.36,
    "priceWithDiscount": 5581.591999999999739081602001533610746264457702636718750000
  },
  {
    "car": {
      "make": "Mercedes",
      "model": "W124",
      "travelledDistance": 922336854775807
    },
    "customerName": "Jimmy Grossi",
    "discount": 35,
    "price": 2903.37,
    "priceWithDiscount": 1887.1905000000000644677644601188148953951895236968994140625
  },
  {
    "car": {
      "make": "Mercedes",
      "model": "W210",
      "travelledDistance": 9223372036854775807
    },
    "customerName": "Daniele Zarate",
    "discount": 50,
    "price": 1080.90,
    "priceWithDiscount": 540.450
  },
  {
    "car": {
      "make": "Mercedes",
      "model": "W202",
      "travelledDistance": 2147647
    },
    "customerName": "Carole Witman",
    "discount": 20,
    "price": 2494.48,
    "priceWithDiscount": 1995.584000000000110777165218678419478237628936767578125000
  },
  {
    "car": {
      "make": "Mercedes",
      "model": "W211",
      "travelledDistance": 922775807
    },
    "customerName": "Sylvie Mcelravy",
    "discount": 20,
    "price": 3865.76,
    "priceWithDiscount": 3092.608000000000171674230386997805908322334289550781250000
  },
  {
    "car": {
      "make": "Mercedes",
      "model": "W212",
      "travelledDistance": 2183647
    },
    "customerName": "Donnetta Soliz",
    "discount": 20,
    "price": 5587.14,
    "priceWithDiscount": 4469.712000000000248118858792167884530499577522277832031250
  },
  {
    "car": {
      "make": "Mercedes",
      "model": "W203",
      "travelledDistance": 5807
    },
    "customerName": "Yvonne Mccalla",
    "discount": 55,
    "price": 311.48,
    "priceWithDiscount": 140.165999999999986167509291590249631553888320922851562500
  }
]
