<?xml version="1.0" encoding="UTF-8" standalone="yes"?>
<products>
    <product name="Care One Hemorrhoidal" price="932.18" seller="null Harrison"/>
    <product name="CLARINS Ever Matte SPF 15 - 105 Nude" price="696.06" seller="Bonnie Fox"/>
    <product name="Childrens Allegra Allergy" price="650.97" seller="Gloria Alexander"/>
    <product name="Spironolactone" price="933.69" seller="null Thompson"/>
    <product name="Clarins Paris Skin Illusion - 114 cappuccino" price="811.42" seller="Betty Ward"/>
    <product name="Myristica Argentum Sinus Relief" price="904.52" seller="Eugene Stewart"/>
    <product name="Glipizide and Metformin Hydrochloride" price="953.60" seller="Brenda Howell"/>
    <product name="Smooth texture Orange flavor" price="976.65" seller="Kathy Gilbert"/>
    <product name="GOONG SECRET CALMING BATH" price="742.47" seller="Emily Parker"/>
    <product name="No7 Protect and Perfect Foundation Sunscreen Broad Spectrum SPF 15 Cool Ivory" price="616.19" seller="Nicole Martinez"/>
    <product name="Megestrol Acetate" price="976.15" seller="Brandon Fuller"/>
    <product name="Levothyroxine Sodium" price="885.86" seller="Jacqueline Perez"/>
    <product name="Dawn Ultra Antibacterial Hand" price="969.86" seller="Emily Parker"/>
    <product name="Moore Medical Sinus Pain and Pressure Relief" price="855.39" seller="Clarence Fowler"/>
    <product name="LV-FX" price="820.87" seller="Joshua Murray"/>
    <product name="Acnezzol Base" price="710.60" seller="Thomas Snyder"/>
    <product name="AMARANTHUS PALMERI POLLEN" price="623.16" seller="Gary Stevens"/>
    <product name="Metformin Hydrochloride" price="953.99" seller="null Cunningham"/>
    <product name="Diastat" price="614.14" seller="Amanda Frazier"/>
    <product name="TRAMADOL HYDROCHLORIDE" price="516.48" seller="Emily Parker"/>
    <product name="PRIMAXIN" price="686.66" seller="Nicole Harris"/>
    <product name="Aquafresh" price="849.93" seller="Christina Patterson"/>
    <product name="ENBREL" price="673.97" seller="Anna Parker"/>
    <product name="Propranolol Hydrochloride" price="546.95" seller="Rachel Johnson"/>
    <product name="Azithromycin" price="813.87" seller="Jennifer Riley"/>
    <product name="Meloxicam" price="809.18" seller="Patrick King"/>
    <product name="pain relief" price="938.23" seller="null Lawson"/>
    <product name="Topiramate" price="578.77" seller="Jean Henry"/>
    <product name="AIR" price="581.69" seller="Benjamin Henry"/>
    <product name="Pleo Ginkgo" price="613.65" seller="null Stewart"/>
    <product name="Extra Strength Pain Reliever PM" price="542.72" seller="null Mitchell"/>
    <product name="Echinacea Quartz Gum Support" price="570.08" seller="Christine Gomez"/>
    <product name="Imipramine Hydrochloride" price="648.69" seller="Gloria Alexander"/>
    <product name="Aspirin" price="925.45" seller="null Baker"/>
    <product name="CALMING DIAPER RASH" price="700.92" seller="null Cunningham"/>
    <product name="Ketorolac Tromethamine" price="608.18" seller="null Thompson"/>
    <product name="RESCRIPTOR" price="850.52" seller="Brandon Fuller"/>
    <product name="ESIKA" price="879.37" seller="Rachel Johnson"/>
    <product name="Homeopathic Rheumatism" price="967.08" seller="Anna Clark"/>
    <product name="Naproxen" price="807.22" seller="Patrick King"/>
    <product name="ziprasidone hydrochloride" price="628.66" seller="Thomas Snyder"/>
</products>
