<?xml version="1.0" encoding="UTF-8" standalone="yes"?>
<users>
    <user first-name="Gloria" last-name="Alexander">
        <sold-products>
            <product>
                <name>Prednisone</name>
                <price>550.72</price>
                <buyer-first-name>Amanda</buyer-first-name>
                <buyer-last-name>Frazier</buyer-last-name>
            </product>
        </sold-products>
    </user>
    <user first-name="Fred" last-name="Allen">
        <sold-products>
            <product>
                <name>Ranitidine</name>
                <price>926.64</price>
                <buyer-first-name>Patricia</buyer-first-name>
                <buyer-last-name>Fuller</buyer-last-name>
            </product>
            <product>
                <name>Wintergreen Isopropyl Alcohol</name>
                <price>1397.57</price>
                <buyer-first-name>Diana</buyer-first-name>
                <buyer-last-name>Harvey</buyer-last-name>
            </product>
        </sold-products>
    </user>
    <user last-name="Baker">
        <sold-products>
            <product>
                <name>DAYWEAR PLUS MULTI PROTECTION TINTED MOISTURIZER</name>
                <price>555.12</price>
                <buyer-first-name>Anna</buyer-first-name>
                <buyer-last-name>Clark</buyer-last-name>
            </product>
        </sold-products>
    </user>
    <user first-name="Fred" last-name="Barnes">
        <sold-products>
            <product>
                <name>Protonix</name>
                <price>466.70</price>
                <buyer-first-name>Fred</buyer-first-name>
                <buyer-last-name>Barnes</buyer-last-name>
            </product>
        </sold-products>
    </user>
    <user last-name="Bennett">
        <sold-products>
            <product>
                <name>PLANTAGO LANCEOLATA POLLEN</name>
                <price>561.68</price>
                <buyer-first-name>Ann</buyer-first-name>
                <buyer-last-name>Stevens</buyer-last-name>
            </product>
            <product>
                <name>Baza Antifungal</name>
                <price>1162.34</price>
                <buyer-first-name>Brenda</buyer-first-name>
                <buyer-last-name>Howell</buyer-last-name>
            </product>
        </sold-products>
    </user>
    <user first-name="Anna" last-name="Clark">
        <sold-products>
            <product>
                <name>CEDAX</name>
                <price>342.86</price>
                <buyer-first-name>Ann</buyer-first-name>
                <buyer-last-name>Stevens</buyer-last-name>
            </product>
            <product>
                <name>CARBIDOPA AND LEVODOPA</name>
                <price>441.64</price>
                <buyer-last-name>Stewart</buyer-last-name>
            </product>
            <product>
                <name>Albuterol</name>
                <price>108.95</price>
                <buyer-first-name>Bonnie</buyer-first-name>
                <buyer-last-name>Fox</buyer-last-name>
            </product>
        </sold-products>
    </user>
    <user first-name="Doris" last-name="Cook">
        <sold-products>
            <product>
                <name>Prostate</name>
                <price>716.05</price>
                <buyer-first-name>Doris</buyer-first-name>
                <buyer-last-name>Cook</buyer-last-name>
            </product>
            <product>
                <name>REYATAZ</name>
                <price>41.97</price>
                <buyer-first-name>Doris</buyer-first-name>
                <buyer-last-name>Cook</buyer-last-name>
            </product>
        </sold-products>
    </user>
    <user first-name="Patricia" last-name="Cooper">
        <sold-products/>
    </user>
    <user last-name="Cunningham">
        <sold-products>
            <product>
                <name>XANTHIUM STRUMARIUM VAR CANADENSE POLLEN</name>
                <price>1091.38</price>
                <buyer-first-name>Emily</buyer-first-name>
                <buyer-last-name>Parker</buyer-last-name>
            </product>
        </sold-products>
    </user>
    <user first-name="Carl" last-name="Daniels">
        <sold-products/>
    </user>
    <user first-name="Sarah" last-name="Day">
        <sold-products>
            <product>
                <name>Benazepril Hydrochloride and Hydrochlorothiazide</name>
                <price>1187.27</price>
                <buyer-first-name>Brenda</buyer-first-name>
                <buyer-last-name>Howell</buyer-last-name>
            </product>
            <product>
                <name>Retin-A MICRO</name>
                <price>995.98</price>
                <buyer-last-name>Lawson</buyer-last-name>
            </product>
            <product>
                <name>Foaming Hand Sanitizer</name>
                <price>624.72</price>
                <buyer-first-name>Billy</buyer-first-name>
                <buyer-last-name>Parker</buyer-last-name>
            </product>
        </sold-products>
    </user>
    <user first-name="Clarence" last-name="Fowler">
        <sold-products>
            <product>
                <name>Amlodipine Besylate</name>
                <price>122.57</price>
                <buyer-first-name>Jean</buyer-first-name>
                <buyer-last-name>Henry</buyer-last-name>
            </product>
        </sold-products>
    </user>
    <user last-name="Fox">
        <sold-products/>
    </user>
    <user first-name="Bonnie" last-name="Fox">
        <sold-products>
            <product>
                <name>EPZICOM</name>
                <price>895.65</price>
                <buyer-first-name>Paula</buyer-first-name>
                <buyer-last-name>Hill</buyer-last-name>
            </product>
            <product>
                <name>Isosorbide Mononitrate</name>
                <price>789.91</price>
                <buyer-last-name>Fox</buyer-last-name>
            </product>
            <product>
                <name>Warfarin Sodium</name>
                <price>138.83</price>
                <buyer-first-name>Brenda</buyer-first-name>
                <buyer-last-name>Howell</buyer-last-name>
            </product>
        </sold-products>
    </user>
    <user first-name="Amanda" last-name="Frazier">
        <sold-products>
            <product>
                <name>Labetalol hydrochloride</name>
                <price>436.38</price>
                <buyer-last-name>Thompson</buyer-last-name>
            </product>
            <product>
                <name>ERYTHROMYCIN Base Filmtab</name>
                <price>117.84</price>
                <buyer-first-name>Chris</buyer-first-name>
                <buyer-last-name>Mitchell</buyer-last-name>
            </product>
        </sold-products>
    </user>
    <user first-name="Brandon" last-name="Fuller">
        <sold-products>
            <product>
                <name>Pioglitazone</name>
                <price>306.56</price>
                <buyer-first-name>Wanda</buyer-first-name>
                <buyer-last-name>Harris</buyer-last-name>
            </product>
        </sold-products>
    </user>
    <user first-name="Patricia" last-name="Fuller">
        <sold-products>
            <product>
                <name>Agaricus Equisetum Special Order</name>
                <price>585.93</price>
                <buyer-last-name>Bennett</buyer-last-name>
            </product>
        </sold-products>
    </user>
    <user first-name="Kathy" last-name="Gilbert">
        <sold-products>
            <product>
                <name>equaline</name>
                <price>520.45</price>
                <buyer-first-name>Fred</buyer-first-name>
                <buyer-last-name>Allen</buyer-last-name>
            </product>
            <product>
                <name>Lorazepam</name>
                <price>1134.96</price>
                <buyer-last-name>Bennett</buyer-last-name>
            </product>
            <product>
                <name>Ampicillin</name>
                <price>674.63</price>
                <buyer-first-name>Patrick</buyer-first-name>
                <buyer-last-name>King</buyer-last-name>
            </product>
        </sold-products>
    </user>
    <user first-name="Christine" last-name="Gomez">
        <sold-products>
            <product>
                <name>Eszopiclone</name>
                <price>405.03</price>
                <buyer-first-name>Joshua</buyer-first-name>
                <buyer-last-name>Murray</buyer-last-name>
            </product>
            <product>
                <name>MEDI-FIRST Non-Aspirin</name>
                <price>1301.28</price>
                <buyer-last-name>Bennett</buyer-last-name>
            </product>
            <product>
                <name>Acetic Acid</name>
                <price>1060.43</price>
                <buyer-last-name>Schmidt</buyer-last-name>
            </product>
        </sold-products>
    </user>
    <user first-name="Nicole" last-name="Harris">
        <sold-products>
            <product>
                <name>Glyburide</name>
                <price>95.10</price>
                <buyer-first-name>Betty</buyer-first-name>
                <buyer-last-name>Ward</buyer-last-name>
            </product>
            <product>
                <name>TERSI</name>
                <price>554.91</price>
                <buyer-first-name>Thomas</buyer-first-name>
                <buyer-last-name>Snyder</buyer-last-name>
            </product>
            <product>
                <name>NEO-POLY-BAC HYDRO</name>
                <price>967.32</price>
                <buyer-first-name>Ann</buyer-first-name>
                <buyer-last-name>Stevens</buyer-last-name>
            </product>
        </sold-products>
    </user>
    <user first-name="Wanda" last-name="Harris">
        <sold-products/>
    </user>
    <user last-name="Harrison">
        <sold-products>
            <product>
                <name>Strattera</name>
                <price>658.54</price>
                <buyer-first-name>Chris</buyer-first-name>
                <buyer-last-name>Mitchell</buyer-last-name>
            </product>
        </sold-products>
    </user>
    <user first-name="Diana" last-name="Harvey">
        <sold-products/>
    </user>
    <user first-name="Benjamin" last-name="Henry">
        <sold-products>
            <product>
                <name>CD CAPTURE TOTALE Triple Correcting Serum Foundation Wrinkles-Dark Spots-Radiance with sunscreen Broad Spectrum SPF 25 010</name>
                <price>77.23</price>
                <buyer-first-name>Patrick</buyer-first-name>
                <buyer-last-name>King</buyer-last-name>
            </product>
            <product>
                <name>Hydralazine Hydrochloride</name>
                <price>1309.72</price>
                <buyer-first-name>Patrick</buyer-first-name>
                <buyer-last-name>King</buyer-last-name>
            </product>
            <product>
                <name>Yellow Jacket hymenoptera venom Venomil Diagnostic</name>
                <price>23.58</price>
                <buyer-first-name>Diana</buyer-first-name>
                <buyer-last-name>Harvey</buyer-last-name>
            </product>
            <product>
                <name>Gehwol med Lipidro</name>
                <price>421.24</price>
                <buyer-first-name>Bonnie</buyer-first-name>
                <buyer-last-name>Fox</buyer-last-name>
            </product>
        </sold-products>
    </user>
    <user first-name="Jean" last-name="Henry">
        <sold-products/>
    </user>
    <user first-name="Paula" last-name="Hill">
        <sold-products>
            <product>
                <name>Allergena</name>
                <price>109.32</price>
                <buyer-first-name>Jean</buyer-first-name>
                <buyer-last-name>Henry</buyer-last-name>
            </product>
            <product>
                <name>Stila Hydrating Primer Oil-Free SPF 30</name>
                <price>179.28</price>
                <buyer-first-name>Arthur</buyer-first-name>
                <buyer-last-name>Reynolds</buyer-last-name>
            </product>
            <product>
                <name>Fluoxetine</name>
                <price>385.37</price>
                <buyer-first-name>Arthur</buyer-first-name>
                <buyer-last-name>Reynolds</buyer-last-name>
            </product>
        </sold-products>
    </user>
    <user first-name="Brenda" last-name="Howell">
        <sold-products>
            <product>
                <name>Pleo Lat</name>
                <price>720.08</price>
                <buyer-first-name>Benjamin</buyer-first-name>
                <buyer-last-name>Henry</buyer-last-name>
            </product>
            <product>
                <name>Pollens - Weeds and Garden Plants, Scotch Broom Cytisus scoparius</name>
                <price>135.82</price>
                <buyer-first-name>Christina</buyer-first-name>
                <buyer-last-name>Patterson</buyer-last-name>
            </product>
        </sold-products>
    </user>
    <user first-name="Rachel" last-name="Johnson">
        <sold-products>
            <product>
                <name>Glycopyrrolate</name>
                <price>1471.43</price>
                <buyer-last-name>Cunningham</buyer-last-name>
            </product>
            <product>
                <name>ROPINIROLE HYDROCHLORIDE</name>
                <price>266.44</price>
                <buyer-first-name>Thomas</buyer-first-name>
                <buyer-last-name>Snyder</buyer-last-name>
            </product>
            <product>
                <name>Clearskin</name>
                <price>968.59</price>
                <buyer-first-name>Billy</buyer-first-name>
                <buyer-last-name>Parker</buyer-last-name>
            </product>
        </sold-products>
    </user>
    <user first-name="Patrick" last-name="King">
        <sold-products>
            <product>
                <name>ORCHID SECRET PACT</name>
                <price>59.53</price>
                <buyer-first-name>Jonathan</buyer-first-name>
                <buyer-last-name>Rodriguez</buyer-last-name>
            </product>
        </sold-products>
    </user>
    <user last-name="Lawson">
        <sold-products/>
    </user>
    <user first-name="Betty" last-name="Lawson">
        <sold-products>
            <product>
                <name>Perrigo Benzoyl Peroxide</name>
                <price>873.24</price>
                <buyer-first-name>Nicole</buyer-first-name>
                <buyer-last-name>Harris</buyer-last-name>
            </product>
            <product>
                <name>H-Rosacea Formula</name>
                <price>99.74</price>
                <buyer-first-name>Betty</buyer-first-name>
                <buyer-last-name>Lawson</buyer-last-name>
            </product>
        </sold-products>
    </user>
    <user first-name="Nicole" last-name="Martinez">
        <sold-products/>
    </user>
    <user last-name="Mitchell">
        <sold-products>
            <product>
                <name>Amitiza</name>
                <price>666.58</price>
                <buyer-first-name>Brandon</buyer-first-name>
                <buyer-last-name>Fuller</buyer-last-name>
            </product>
        </sold-products>
    </user>
    <user first-name="Chris" last-name="Mitchell">
        <sold-products>
            <product>
                <name>Enalapril Maleate</name>
                <price>72.71</price>
                <buyer-first-name>Carl</buyer-first-name>
                <buyer-last-name>Daniels</buyer-last-name>
            </product>
            <product>
                <name>PredniSONE</name>
                <price>286.43</price>
                <buyer-first-name>Carl</buyer-first-name>
                <buyer-last-name>Daniels</buyer-last-name>
            </product>
        </sold-products>
    </user>
    <user last-name="Moreno">
        <sold-products>
            <product>
                <name>DIVALPROEX SODIUM</name>
                <price>1287.03</price>
                <buyer-first-name>Kathy</buyer-first-name>
                <buyer-last-name>Gilbert</buyer-last-name>
            </product>
        </sold-products>
    </user>
    <user first-name="Joshua" last-name="Murray">
        <sold-products>
            <product>
                <name>PANTOPRAZOLE SODIUM</name>
                <price>293.89</price>
                <buyer-first-name>Christina</buyer-first-name>
                <buyer-last-name>Patterson</buyer-last-name>
            </product>
        </sold-products>
    </user>
    <user first-name="Anna" last-name="Parker">
        <sold-products>
            <product>
                <name>Fexofenadine HCl and Pseudoephedrine HCI</name>
                <price>73.07</price>
                <buyer-first-name>Jennifer</buyer-first-name>
                <buyer-last-name>Riley</buyer-last-name>
            </product>
        </sold-products>
    </user>
    <user first-name="Billy" last-name="Parker">
        <sold-products>
            <product>
                <name>Laser Block 100</name>
                <price>1135.43</price>
                <buyer-first-name>Chris</buyer-first-name>
                <buyer-last-name>Mitchell</buyer-last-name>
            </product>
        </sold-products>
    </user>
    <user first-name="Emily" last-name="Parker">
        <sold-products>
            <product>
                <name>PAMO Kill Natural</name>
                <price>1181.06</price>
                <buyer-last-name>Mitchell</buyer-last-name>
            </product>
            <product>
                <name>Gemcitabine</name>
                <price>594.79</price>
                <buyer-first-name>Emily</buyer-first-name>
                <buyer-last-name>Parker</buyer-last-name>
            </product>
            <product>
                <name>VITALUMIERE AQUA</name>
                <price>1293.09</price>
                <buyer-first-name>Wanda</buyer-first-name>
                <buyer-last-name>Harris</buyer-last-name>
            </product>
        </sold-products>
    </user>
    <user first-name="Christina" last-name="Patterson">
        <sold-products/>
    </user>
    <user first-name="Jacqueline" last-name="Perez">
        <sold-products>
            <product>
                <name>IOPE SUPER VITAL</name>
                <price>824.68</price>
                <buyer-first-name>Jonathan</buyer-first-name>
                <buyer-last-name>Rodriguez</buyer-last-name>
            </product>
        </sold-products>
    </user>
    <user last-name="Peterson">
        <sold-products>
            <product>
                <name>Metaxalone</name>
                <price>79.94</price>
                <buyer-first-name>Anna</buyer-first-name>
                <buyer-last-name>Clark</buyer-last-name>
            </product>
        </sold-products>
    </user>
    <user first-name="Arthur" last-name="Reynolds">
        <sold-products/>
    </user>
    <user first-name="Jennifer" last-name="Riley">
        <sold-products>
            <product>
                <name>Allopurinol</name>
                <price>518.50</price>
                <buyer-first-name>Fred</buyer-first-name>
                <buyer-last-name>Allen</buyer-last-name>
            </product>
        </sold-products>
    </user>
    <user first-name="Sandra" last-name="Riley">
        <sold-products>
            <product>
                <name>Parsley</name>
                <price>519.06</price>
                <buyer-last-name>Peterson</buyer-last-name>
            </product>
            <product>
                <name>Nighttime Sleep Aid</name>
                <price>1217.11</price>
                <buyer-first-name>Nicole</buyer-first-name>
                <buyer-last-name>Harris</buyer-last-name>
            </product>
        </sold-products>
    </user>
    <user first-name="Jonathan" last-name="Rodriguez">
        <sold-products>
            <product>
                <name>ESIKA 3-IN-1 PRO MAKE UP FOUNDATION SPF 20 BASE DE MAQUILLAJE PARA ROSTRO 3-EN-1 PRO FPS 20</name>
                <price>1097.60</price>
                <buyer-first-name>Patricia</buyer-first-name>
                <buyer-last-name>Cooper</buyer-last-name>
            </product>
        </sold-products>
    </user>
    <user first-name="Thomas" last-name="Snyder">
        <sold-products>
            <product>
                <name>Glipizide</name>
                <price>621.78</price>
                <buyer-first-name>Sandra</buyer-first-name>
                <buyer-last-name>Riley</buyer-last-name>
            </product>
        </sold-products>
    </user>
    <user first-name="Ann" last-name="Stevens">
        <sold-products/>
    </user>
    <user first-name="Gary" last-name="Stevens">
        <sold-products>
            <product>
                <name>Shopko Lip Treatment</name>
                <price>861.42</price>
                <buyer-first-name>Jacqueline</buyer-first-name>
                <buyer-last-name>Perez</buyer-last-name>
            </product>
        </sold-products>
    </user>
    <user last-name="Stewart">
        <sold-products>
            <product>
                <name>Warfarin Sodium</name>
                <price>770.05</price>
                <buyer-first-name>Gary</buyer-first-name>
                <buyer-last-name>Stevens</buyer-last-name>
            </product>
        </sold-products>
    </user>
    <user first-name="Eugene" last-name="Stewart">
        <sold-products/>
    </user>
    <user last-name="Thompson">
        <sold-products>
            <product>
                <name>Acetaminophen, Chlorpheniramine Maleate, Dextromethorphan Hydrobromide, Phenylephrine Hydrochloride</name>
                <price>1028.27</price>
                <buyer-last-name>Bennett</buyer-last-name>
            </product>
            <product>
                <name>Pollens - Weeds and Garden Plants, Nettle Urtica dioica</name>
                <price>782.77</price>
                <buyer-first-name>Clarence</buyer-first-name>
                <buyer-last-name>Fowler</buyer-last-name>
            </product>
            <product>
                <name>Acid Reducer</name>
                <price>1443.51</price>
                <buyer-first-name>Fred</buyer-first-name>
                <buyer-last-name>Allen</buyer-last-name>
            </product>
        </sold-products>
    </user>
    <user first-name="Betty" last-name="Ward">
        <sold-products>
            <product>
                <name>LANEIGE MYSTIC VEIL FOUNDATION</name>
                <price>20.86</price>
                <buyer-first-name>Christine</buyer-first-name>
                <buyer-last-name>Gomez</buyer-last-name>
            </product>
            <product>
                <name>Burn Jel</name>
                <price>209.57</price>
                <buyer-first-name>Kathy</buyer-first-name>
                <buyer-last-name>Gilbert</buyer-last-name>
            </product>
        </sold-products>
    </user>
    <user first-name="Marie" last-name="Williamson">
        <sold-products>
            <product>
                <name>AVANDAMET</name>
                <price>632.08</price>
                <buyer-first-name>Bonnie</buyer-first-name>
                <buyer-last-name>Fox</buyer-last-name>
            </product>
        </sold-products>
    </user>
    <user first-name="Jeremy" last-name="Woods">
        <sold-products/>
    </user>
</users>
