<?xml version="1.0" encoding="UTF-8" standalone="yes"?>
<categories>
    <category name="For Children">
        <products-count>71</products-count>
        <average-price>713.19</average-price>
        <total-revenue>50636.39</total-revenue>
    </category>
    <category name="Drugs">
        <products-count>77</products-count>
        <average-price>777.87</average-price>
        <total-revenue>59895.75</total-revenue>
    </category>
    <category name="Fashion">
        <products-count>77</products-count>
        <average-price>768.24</average-price>
        <total-revenue>59154.43</total-revenue>
    </category>
    <category name="Sports">
        <products-count>79</products-count>
        <average-price>786.19</average-price>
        <total-revenue>62109.21</total-revenue>
    </category>
    <category name="Garden">
        <products-count>83</products-count>
        <average-price>747.61</average-price>
        <total-revenue>62051.76</total-revenue>
    </category>
    <category name="Electronics">
        <products-count>84</products-count>
        <average-price>767.02</average-price>
        <total-revenue>64429.32</total-revenue>
    </category>
    <category name="Weapons">
        <products-count>86</products-count>
        <average-price>796.92</average-price>
        <total-revenue>68534.74</total-revenue>
    </category>
    <category name="Autoparts">
        <products-count>86</products-count>
        <average-price>752.22</average-price>
        <total-revenue>64691.30</total-revenue>
    </category>
    <category name="Other">
        <products-count>89</products-count>
        <average-price>674.45</average-price>
        <total-revenue>60026.12</total-revenue>
    </category>
    <category name="Adult">
        <products-count>90</products-count>
        <average-price>776.88</average-price>
        <total-revenue>69918.76</total-revenue>
    </category>
    <category name="Business">
        <products-count>95</products-count>
        <average-price>752.62</average-price>
        <total-revenue>71498.65</total-revenue>
    </category>
</categories>
